date,away,home,away_score,home_score,status,game_type,game_id
2026-03-25,NYY,SF,7,0,Final,R,823244
2026-03-26,TB,STL,7,9,Final,R,823081
2026-03-26,CLE,SEA,6,4,Final,R,823163
2026-03-26,DET,SD,8,2,Final,R,823325
2026-03-26,TEX,PHI,3,5,Final,R,823486
2026-03-26,PIT,NYM,7,11,Final,R,823649
2026-03-26,CWS,MIL,2,14,Final,R,823812
2026-03-26,AZ,LAD,2,8,Final,R,823974
2026-03-26,LAA,HOU,3,0,Final,R,824218
2026-03-26,BOS,CIN,3,0,Final,R,824541
2026-03-26,WSH,CHC,10,4,Final,R,824704
2026-03-26,MIN,BAL,1,2,Final,R,824865
2026-03-27,ATH,TOR,2,3,Final,R,822839
2026-03-27,CLE,SEA,1,5,Final,R,823162
2026-03-27,NYY,SF,3,0,Final,R,823243
2026-03-27,DET,SD,5,2,Final,R,823324
2026-03-27,COL,MIA,1,2,Final,R,823893
2026-03-27,AZ,LAD,4,5,Final,R,823971
2026-03-27,LAA,HOU,6,2,Final,R,824216
2026-03-27,KC,ATL,0,6,Final,R,824946
2026-03-28,ATH,TOR,7,8,Final,R,822838
2026-03-28,TB,STL,5,6,Final,R,823082
2026-03-28,CLE,SEA,6,5,Final,R,823161
2026-03-28,NYY,SF,3,1,Final,R,823241
2026-03-28,DET,SD,0,3,Final,R,823323
2026-03-28,TEX,PHI,5,4,Final,R,823488
2026-03-28,PIT,NYM,2,4,Final,R,823651
2026-03-28,CWS,MIL,1,6,Final,R,823811
2026-03-28,COL,MIA,3,4,Final,R,823892
2026-03-28,AZ,LAD,2,3,Final,R,823973
2026-03-28,LAA,HOU,9,11,Final,R,824213
2026-03-28,BOS,CIN,5,6,Final,R,824540
2026-03-28,WSH,CHC,2,10,Final,R,824701
2026-03-28,MIN,BAL,4,1,Final,R,824862
2026-03-28,KC,ATL,2,6,Final,R,824945
2026-03-29,ATH,TOR,2,5,Final,R,822837
2026-03-29,TB,STL,11,7,Final,R,823079
2026-03-29,CLE,SEA,0,8,Final,R,823160
2026-03-29,TEX,PHI,8,3,Final,R,823487
2026-03-29,PIT,NYM,4,3,Final,R,823647
2026-03-29,CWS,MIL,7,9,Final,R,823810
2026-03-29,COL,MIA,3,4,Final,R,823891
2026-03-29,LAA,HOU,7,9,Final,R,824215
2026-03-29,BOS,CIN,2,3,Final,R,824538
2026-03-29,WSH,CHC,6,3,Final,R,824700
2026-03-29,MIN,BAL,6,8,Final,R,824864
2026-03-29,KC,ATL,4,1,Final,R,824944
2026-03-30,COL,TOR,14,5,Final,R,822834
2026-03-30,NYM,STL,4,2,Final,R,823080
2026-03-30,NYY,SEA,1,2,Final,R,823159
2026-03-30,SF,SD,3,2,Final,R,823320
2026-03-30,WSH,PHI,13,2,Final,R,823484
2026-03-30,TB,MIL,3,2,Final,R,823809
2026-03-30,CWS,MIA,9,4,Final,R,823890
2026-03-30,CLE,LAD,4,2,Final,R,823972
2026-03-30,MIN,KC,1,3,Final,R,824135
2026-03-30,BOS,HOU,1,8,Final,R,824214
2026-03-30,PIT,CIN,0,2,Final,R,824539
2026-03-30,LAA,CHC,2,7,Final,R,824702
2026-03-30,TEX,BAL,5,2,Final,R,824863
2026-03-30,ATH,ATL,0,4,Final,R,824943
2026-03-30,DET,AZ,6,9,Final,R,825108
2026-03-31,COL,TOR,1,5,Final,R,822836
2026-03-31,NYM,STL,0,3,Final,R,823077
2026-03-31,NYY,SEA,5,0,Final,R,823158
2026-03-31,SF,SD,9,3,Final,R,823322
2026-03-31,WSH,PHI,2,3,Final,R,823485
2026-03-31,TB,MIL,2,6,Final,R,823807
2026-03-31,CWS,MIA,2,9,Final,R,823888
2026-03-31,CLE,LAD,1,4,Final,R,823969
2026-03-31,BOS,HOU,2,9,Final,R,824212
2026-03-31,PIT,CIN,8,3,Final,R,824537
2026-03-31,LAA,CHC,2,0,Final,R,824699
2026-03-31,TEX,BAL,8,5,Final,R,824861
2026-03-31,ATH,ATL,5,2,Final,R,824942
2026-03-31,DET,AZ,5,7,Final,R,825107
2026-04-01,COL,TOR,2,1,Final,R,822835
2026-04-01,NYM,STL,1,2,Final,R,823078
2026-04-01,NYY,SEA,5,3,Final,R,823157
2026-04-01,SF,SD,1,7,Final,R,823321
2026-04-01,WSH,PHI,5,6,Final,R,823483
2026-04-01,TB,MIL,2,8,Final,R,823806
2026-04-01,CWS,MIA,0,10,Final,R,823889
2026-04-01,CLE,LAD,4,1,Final,R,823970
2026-04-01,MIN,KC,9,13,Final,R,824136
2026-04-01,BOS,HOU,4,6,Final,R,824211
2026-04-01,PIT,CIN,8,3,Final,R,824536
2026-04-01,LAA,CHC,2,6,Final,R,824698
2026-04-01,TEX,BAL,3,8,Final,R,824860
2026-04-01,ATH,ATL,1,5,Final,R,824940
2026-04-01,DET,AZ,0,1,Final,R,825106
2026-04-02,NYM,SF,2,7,Final,R,823242
2026-04-02,MIN,KC,5,1,Final,R,824133
2026-04-02,ATL,AZ,17,2,Final,R,825105
2026-04-03,LAD,WSH,13,6,Final,R,822758
2026-04-03,CIN,TEX,5,3,Final,R,822919
2026-04-03,NYM,SF,10,3,Final,R,823240
2026-04-03,BAL,PIT,4,5,Final,R,823406
2026-04-03,MIA,NYY,2,8,Final,R,823568
2026-04-03,TB,MIN,4,10,Final,R,823732
2026-04-03,SEA,LAA,3,1,Final,R,824056
2026-04-03,STL,DET,0,4,Final,R,824299
2026-04-03,PHI,COL,10,1,Final,R,824377
2026-04-03,CHC,CLE,1,4,Final,R,824458
2026-04-03,TOR,CWS,4,5,Final,R,824621
2026-04-03,SD,BOS,2,5,Final,R,824786
2026-04-03,HOU,ATH,4,11,Final,R,825026
2026-04-03,ATL,AZ,2,0,Final,R,825103
2026-04-04,LAD,WSH,10,5,Final,R,822757
2026-04-04,CIN,TEX,2,0,Final,R,822920
2026-04-04,NYM,SF,9,0,Final,R,823239
2026-04-04,BAL,PIT,2,3,Final,R,823404
2026-04-04,MIA,NYY,7,9,Final,R,823569
2026-04-04,TB,MIN,7,1,Final,R,823730
2026-04-04,SEA,LAA,0,1,Final,R,824054
2026-04-04,MIL,KC,5,2,Final,R,824132
2026-04-04,MIL,KC,2,8,Final,R,824134
2026-04-04,STL,DET,6,11,Completed Early,R,824295
2026-04-04,PHI,COL,2,1,Final,R,824378
2026-04-04,TOR,CWS,3,6,Final,R,824622
2026-04-04,SD,BOS,3,2,Final,R,824782
2026-04-04,HOU,ATH,11,0,Final,R,825027
2026-04-04,ATL,AZ,1,2,Final,R,825104
2026-04-05,LAD,WSH,8,6,Final,R,822756
2026-04-05,CIN,TEX,2,1,Final,R,822917
2026-04-05,NYM,SF,5,2,Final,R,823238
2026-04-05,BAL,PIT,2,8,Final,R,823405
2026-04-05,MIA,NYY,7,6,Final,R,823566
2026-04-05,TB,MIN,4,1,Final,R,823729
2026-04-05,SEA,LAA,7,8,Final,R,824053
2026-04-05,MIL,KC,8,5,Final,R,824131
2026-04-05,STL,DET,5,3,Final,R,824296
2026-04-05,PHI,COL,1,4,Final,R,824379
2026-04-05,CHC,CLE,1,0,Final,R,824459
2026-04-05,CHC,CLE,5,6,Final,R,824460
2026-04-05,TOR,CWS,0,3,Final,R,824620
2026-04-05,SD,BOS,8,6,Final,R,824781
2026-04-05,HOU,ATH,10,12,Final,R,825025
2026-04-05,ATL,AZ,5,6,Final,R,825102
2026-04-06,STL,WSH,6,9,Final,R,822755
2026-04-06,LAD,TOR,14,2,Final,R,822832
2026-04-06,SEA,TEX,1,2,Final,R,822918
2026-04-06,CHC,TB,4,6,Final,R,823002
2026-04-06,PHI,SF,6,4,Final,R,823237
2026-04-06,SD,PIT,5,0,Final,R,823401
2026-04-06,DET,MIN,3,7,Final,R,823728
2026-04-06,CIN,MIA,2,0,Final,R,823886
2026-04-06,ATL,LAA,2,6,Final,R,824052
2026-04-06,HOU,COL,7,9,Final,R,824376
2026-04-06,KC,CLE,4,2,Final,R,824456
2026-04-06,BAL,CWS,2,1,Final,R,824619
2026-04-06,MIL,BOS,8,6,Final,R,824783
2026-04-07,STL,WSH,7,6,Final,R,822754
2026-04-07,LAD,TOR,4,1,Final,R,822831
2026-04-07,SEA,TEX,2,3,Final,R,822916
2026-04-07,CHC,TB,9,2,Final,R,822999
2026-04-07,PHI,SF,0,6,Final,R,823235
2026-04-07,SD,PIT,1,7,Final,R,823402
2026-04-07,ATH,NYY,3,5,Final,R,823567
2026-04-07,AZ,NYM,3,4,Final,R,823648
2026-04-07,DET,MIN,2,4,Final,R,823727
2026-04-07,CIN,MIA,6,3,Final,R,823887
2026-04-07,ATL,LAA,7,2,Final,R,824051
2026-04-07,HOU,COL,1,5,Final,R,824375
2026-04-07,KC,CLE,1,2,Final,R,824457
2026-04-07,BAL,CWS,4,2,Final,R,824618
2026-04-07,MIL,BOS,2,3,Final,R,824780
2026-04-08,STL,WSH,6,1,Final,R,822753
2026-04-08,LAD,TOR,3,4,Final,R,822833
2026-04-08,SEA,TEX,0,3,Final,R,822915
2026-04-08,CHC,TB,6,2,Final,R,823000
2026-04-08,PHI,SF,0,5,Final,R,823234
2026-04-08,SD,PIT,8,2,Final,R,823403
2026-04-08,ATH,NYY,3,2,Final,R,823564
2026-04-08,AZ,NYM,7,2,Final,R,823646
2026-04-08,DET,MIN,6,8,Final,R,823726
2026-04-08,CIN,MIA,4,7,Final,R,823885
2026-04-08,ATL,LAA,8,2,Final,R,824050
2026-04-08,HOU,COL,1,9,Final,R,824374
2026-04-08,KC,CLE,2,10,Final,R,824455
2026-04-08,BAL,CWS,5,3,Final,R,824617
2026-04-08,MIL,BOS,0,5,Final,R,824779
2026-04-09,COL,SD,3,7,Final,R,823319
2026-04-09,ATH,NYY,1,0,Final,R,823565
2026-04-09,AZ,NYM,7,1,Final,R,823645
2026-04-09,DET,MIN,1,3,Final,R,823724
2026-04-09,CIN,MIA,1,8,Final,R,823884
2026-04-09,CWS,KC,2,0,Final,R,824130
2026-04-10,MIN,TOR,4,10,Final,R,822829
2026-04-10,NYY,TB,3,5,Final,R,822997
2026-04-10,BOS,STL,2,3,Final,R,823076
2026-04-10,HOU,SEA,6,9,Final,R,823156
2026-04-10,COL,SD,2,5,Final,R,823318
2026-04-10,AZ,PHI,5,4,Final,R,823482
2026-04-10,ATH,NYM,4,0,Final,R,823643
2026-04-10,WSH,MIL,7,3,Final,R,823808
2026-04-10,TEX,LAD,7,8,Final,R,823968
2026-04-10,CWS,KC,0,2,Final,R,824128
2026-04-10,MIA,DET,0,2,Final,R,824297
2026-04-10,LAA,CIN,10,2,Final,R,824534
2026-04-10,PIT,CHC,2,0,Final,R,824695
2026-04-10,SF,BAL,6,3,Final,R,824858
2026-04-10,CLE,ATL,5,11,Final,R,824941
2026-04-11,MIN,TOR,7,4,Final,R,822830
2026-04-11,NYY,TB,4,5,Final,R,822996
2026-04-11,BOS,STL,7,1,Final,R,823074
2026-04-11,HOU,SEA,7,8,Final,R,823155
2026-04-11,COL,SD,5,9,Final,R,823316
2026-04-11,AZ,PHI,3,4,Final,R,823480
2026-04-11,ATH,NYM,11,6,Final,R,823644
2026-04-11,WSH,MIL,3,1,Final,R,823805
2026-04-11,TEX,LAD,3,6,Final,R,823967
2026-04-11,CWS,KC,0,2,Final,R,824129
2026-04-11,MIA,DET,1,6,Final,R,824294
2026-04-11,LAA,CIN,3,7,Final,R,824535
2026-04-11,PIT,CHC,4,3,Final,R,824697
2026-04-11,SF,BAL,2,6,Final,R,824857
2026-04-11,CLE,ATL,6,0,Final,R,824939
2026-04-12,MIN,TOR,8,2,Final,R,822828
2026-04-12,NYY,TB,4,5,Final,R,822998
2026-04-12,BOS,STL,9,3,Final,R,823075
2026-04-12,HOU,SEA,1,6,Final,R,823154
2026-04-12,COL,SD,2,7,Final,R,823317
2026-04-12,AZ,PHI,4,3,Final,R,823479
2026-04-12,ATH,NYM,1,0,Final,R,823642
2026-04-12,WSH,MIL,8,6,Final,R,823804
2026-04-12,TEX,LAD,5,2,Final,R,823966
2026-04-12,CWS,KC,6,5,Final,R,824126
2026-04-12,MIA,DET,2,8,Final,R,824293
2026-04-12,LAA,CIN,9,6,Final,R,824533
2026-04-12,PIT,CHC,6,7,Final,R,824696
2026-04-12,SF,BAL,2,6,Final,R,824859
2026-04-12,CLE,ATL,1,13,Final,R,824938
2026-04-13,CLE,STL,9,3,Final,R,823073
2026-04-13,HOU,SEA,2,6,Final,R,823153
2026-04-13,WSH,PIT,5,16,Final,R,823400
2026-04-13,CHC,PHI,7,13,Final,R,823481
2026-04-13,LAA,NYY,10,11,Final,R,823563
2026-04-13,BOS,MIN,6,13,Final,R,823725
2026-04-13,NYM,LAD,0,4,Final,R,823964
2026-04-13,AZ,BAL,7,9,Final,R,824856
2026-04-13,MIA,ATL,10,4,Final,R,824937
2026-04-13,TEX,ATH,8,1,Final,R,825024
2026-04-14,CLE,STL,5,6,Final,R,823072
2026-04-14,SEA,SD,1,4,Final,R,823315
2026-04-14,WSH,PIT,5,4,Final,R,823398
2026-04-14,CHC,PHI,10,4,Final,R,823478
2026-04-14,LAA,NYY,7,1,Final,R,823562
2026-04-14,BOS,MIN,0,6,Final,R,823723
2026-04-14,TOR,MIL,9,7,Final,R,823802
2026-04-14,NYM,LAD,1,2,Final,R,823965
2026-04-14,COL,HOU,6,7,Final,R,824210
2026-04-14,KC,DET,1,2,Final,R,824292
2026-04-14,SF,CIN,1,2,Final,R,824531
2026-04-14,TB,CWS,8,5,Final,R,824616
2026-04-14,AZ,BAL,4,3,Final,R,824853
2026-04-14,MIA,ATL,5,6,Final,R,824935
2026-04-14,TEX,ATH,1,2,Final,R,825022
2026-04-15,CLE,STL,3,5,Final,R,823071
2026-04-15,SEA,SD,6,7,Final,R,823314
2026-04-15,WSH,PIT,0,2,Final,R,823399
2026-04-15,CHC,PHI,11,2,Final,R,823477
2026-04-15,LAA,NYY,4,5,Final,R,823561
2026-04-15,BOS,MIN,9,5,Final,R,823722
2026-04-15,TOR,MIL,1,2,Final,R,823803
2026-04-15,NYM,LAD,2,8,Final,R,823963
2026-04-15,COL,HOU,1,3,Final,R,824209
2026-04-15,KC,DET,1,2,Final,R,824291
2026-04-15,SF,CIN,3,8,Final,R,824532
2026-04-15,TB,CWS,8,3,Final,R,824615
2026-04-15,AZ,BAL,8,5,Final,R,824855
2026-04-15,MIA,ATL,3,6,Final,R,824936
2026-04-15,TEX,ATH,5,6,Final,R,825021
2026-04-16,SEA,SD,2,5,Final,R,823313
2026-04-16,WSH,PIT,8,7,Final,R,823396
2026-04-16,LAA,NYY,11,4,Final,R,823560
2026-04-16,TOR,MIL,1,2,Final,R,823801
2026-04-16,COL,HOU,3,2,Final,R,824208
2026-04-16,KC,DET,9,10,Final,R,824289
2026-04-16,BAL,CLE,2,4,Final,R,824453
2026-04-16,SF,CIN,3,0,Final,R,824530
2026-04-16,TB,CWS,5,3,Final,R,824614
2026-04-16,TEX,ATH,9,6,Final,R,825023
2026-04-17,SF,WSH,10,5,Final,R,822752
2026-04-17,TEX,SEA,5,0,Final,R,823152
2026-04-17,TB,PIT,1,5,Final,R,823397
2026-04-17,ATL,PHI,9,0,Final,R,823476
2026-04-17,KC,NYY,2,4,Final,R,823559
2026-04-17,CIN,MIN,2,1,Final,R,823720
2026-04-17,MIL,MIA,7,5,Final,R,823883
2026-04-17,SD,LAA,0,8,Final,R,824048
2026-04-17,STL,HOU,9,4,Final,R,824207
2026-04-17,LAD,COL,7,1,Final,R,824373
2026-04-17,BAL,CLE,6,4,Final,R,824454
2026-04-17,NYM,CHC,4,12,Final,R,824693
2026-04-17,DET,BOS,0,1,Final,R,824778
2026-04-17,CWS,ATH,9,2,Final,R,825019
2026-04-17,TOR,AZ,3,6,Final,R,825101
2026-04-18,SF,WSH,7,6,Final,R,822751
2026-04-18,TEX,SEA,3,7,Final,R,823151
2026-04-18,TB,PIT,8,7,Final,R,823394
2026-04-18,ATL,PHI,3,1,Final,R,823474
2026-04-18,KC,NYY,4,13,Final,R,823558
2026-04-18,CIN,MIN,5,4,Final,R,823721
2026-04-18,MIL,MIA,5,2,Final,R,823882
2026-04-18,SD,LAA,4,1,Final,R,824049
2026-04-18,STL,HOU,7,5,Final,R,824206
2026-04-18,LAD,COL,3,4,Final,R,824372
2026-04-18,BAL,CLE,2,4,Final,R,824451
2026-04-18,NYM,CHC,2,4,Final,R,824694
2026-04-18,DET,BOS,4,1,Final,R,824775
2026-04-18,CWS,ATH,6,7,Final,R,825020
2026-04-18,TOR,AZ,2,6,Final,R,825098
2026-04-19,SF,WSH,0,3,Final,R,822750
2026-04-19,TEX,SEA,2,5,Final,R,823150
2026-04-19,TB,PIT,3,6,Final,R,823393
2026-04-19,ATL,PHI,4,2,Final,R,823475
2026-04-19,KC,NYY,0,7,Final,R,823556
2026-04-19,CIN,MIN,7,4,Final,R,823718
2026-04-19,MIL,MIA,3,5,Final,R,823881
2026-04-19,SD,LAA,2,1,Final,R,824047
2026-04-19,STL,HOU,7,5,Final,R,824205
2026-04-19,LAD,COL,6,9,Final,R,824371
2026-04-19,BAL,CLE,4,8,Final,R,824452
2026-04-19,NYM,CHC,1,2,Final,R,824691
2026-04-19,DET,BOS,6,2,Final,R,824777
2026-04-19,CWS,ATH,7,4,Final,R,825018
2026-04-19,TOR,AZ,10,4,Final,R,825100
2026-04-20,ATL,WSH,9,4,Final,R,822749
2026-04-20,CIN,TB,6,1,Final,R,822994
2026-04-20,ATH,SEA,6,4,Final,R,823149
2026-04-20,STL,MIA,3,5,Final,R,823879
2026-04-20,TOR,LAA,5,2,Final,R,824046
2026-04-20,BAL,KC,7,5,Final,R,824125
2026-04-20,LAD,COL,12,3,Final,R,824370
2026-04-20,HOU,CLE,9,2,Final,R,824450
2026-04-20,PHI,CHC,1,5,Final,R,824692
2026-04-20,DET,BOS,6,8,Final,R,824776
2026-04-21,ATL,WSH,4,11,Final,R,822747
2026-04-21,PIT,TEX,1,5,Final,R,822914
2026-04-21,CIN,TB,12,6,Final,R,822995
2026-04-21,ATH,SEA,5,2,Final,R,823148
2026-04-21,LAD,SF,1,3,Final,R,823236
2026-04-21,MIN,NYM,5,3,Final,R,823640
2026-04-21,STL,MIA,5,3,Final,R,823880
2026-04-21,TOR,LAA,4,2,Final,R,824045
2026-04-21,BAL,KC,5,6,Final,R,824127
2026-04-21,MIL,DET,12,4,Final,R,824290
2026-04-21,SD,COL,1,0,Final,R,824369
2026-04-21,HOU,CLE,5,8,Final,R,824448
2026-04-21,PHI,CHC,4,7,Final,R,824690
2026-04-21,NYY,BOS,4,0,Final,R,824773
2026-04-21,CWS,AZ,11,5,Final,R,825099
2026-04-22,ATL,WSH,8,6,Final,R,822748
2026-04-22,PIT,TEX,8,4,Final,R,822913
2026-04-22,CIN,TB,1,6,Final,R,822993
2026-04-22,ATH,SEA,4,5,Final,R,823147
2026-04-22,LAD,SF,0,3,Final,R,823231
2026-04-22,MIN,NYM,2,3,Final,R,823641
2026-04-22,STL,MIA,1,4,Final,R,823878
2026-04-22,TOR,LAA,3,7,Final,R,824044
2026-04-22,BAL,KC,8,6,Final,R,824123
2026-04-22,MIL,DET,2,5,Final,R,824286
2026-04-22,SD,COL,3,8,Final,R,824367
2026-04-22,HOU,CLE,2,0,Final,R,824449
2026-04-22,PHI,CHC,2,7,Final,R,824688
2026-04-22,NYY,BOS,4,1,Final,R,824774
2026-04-22,CWS,AZ,7,11,Final,R,825097
2026-04-23,ATL,WSH,7,2,Final,R,822745
2026-04-23,PIT,TEX,1,6,Final,R,822912
2026-04-23,LAD,SF,3,0,Final,R,823233
2026-04-23,MIN,NYM,8,10,Final,R,823639
2026-04-23,MIL,DET,4,5,Final,R,824288
2026-04-23,SD,COL,10,8,Final,R,824368
2026-04-23,PHI,CHC,7,8,Final,R,824689
2026-04-23,NYY,BOS,4,2,Final,R,824770
2026-04-23,CWS,AZ,4,1,Final,R,825096
2026-04-24,CLE,TOR,8,6,Final,R,822827
2026-04-24,ATH,TEX,8,1,Final,R,822909
2026-04-24,MIN,TB,2,6,Final,R,822992
2026-04-24,SEA,STL,3,2,Final,R,823069
2026-04-24,MIA,SF,9,4,Final,R,823232
2026-04-24,COL,NYM,4,3,Final,R,823638
2026-04-24,PIT,MIL,6,0,Final,R,823800
2026-04-24,CHC,LAD,6,4,Final,R,823962
2026-04-24,LAA,KC,3,6,Final,R,824124
2026-04-24,NYY,HOU,12,4,Final,R,824204
2026-04-24,DET,CIN,8,9,Final,R,824529
2026-04-24,WSH,CWS,4,5,Final,R,824611
2026-04-24,BOS,BAL,3,10,Final,R,824854
2026-04-24,PHI,ATL,3,5,Final,R,824932
2026-04-25,CLE,TOR,3,5,Final,R,822826
2026-04-25,ATH,TEX,3,4,Final,R,822910
2026-04-25,MIN,TB,1,6,Final,R,822989
2026-04-25,SEA,STL,11,9,Final,R,823070
2026-04-25,MIA,SF,2,6,Final,R,823229
2026-04-25,PIT,MIL,6,3,Final,R,823799
2026-04-25,CHC,LAD,4,12,Final,R,823960
2026-04-25,LAA,KC,1,12,Final,R,824121
2026-04-25,NYY,HOU,8,3,Final,R,824203
2026-04-25,DET,CIN,2,9,Final,R,824527
2026-04-25,WSH,CWS,6,3,Final,R,824613
2026-04-25,BOS,BAL,17,1,Final,R,824851
2026-04-25,PHI,ATL,8,5,Final,R,824933
2026-04-25,SD,AZ,6,4,Final,R,825093
2026-04-26,CLE,TOR,2,4,Final,R,822824
2026-04-26,ATH,TEX,2,1,Final,R,822911
2026-04-26,MIN,TB,2,4,Final,R,822991
2026-04-26,SEA,STL,3,2,Final,R,823068
2026-04-26,MIA,SF,3,6,Final,R,823230
2026-04-26,COL,NYM,3,1,Final,R,823635
2026-04-26,COL,NYM,3,0,Final,R,823637
2026-04-26,PIT,MIL,0,5,Final,R,823797
2026-04-26,CHC,LAD,0,6,Final,R,823959
2026-04-26,LAA,KC,9,11,Final,R,824122
2026-04-26,NYY,HOU,4,7,Final,R,824202
2026-04-26,DET,CIN,8,3,Final,R,824528
2026-04-26,WSH,CWS,2,1,Final,R,824612
2026-04-26,BOS,BAL,5,3,Final,R,824852
2026-04-26,PHI,ATL,2,6,Final,R,824934
2026-04-26,SD,AZ,7,12,Final,R,825094
2026-04-27,BOS,TOR,5,0,Final,R,822825
2026-04-27,NYY,TEX,4,2,Final,R,822906
2026-04-27,CHC,SD,7,9,Final,R,823311
2026-04-27,STL,PIT,4,2,Final,R,823395
2026-04-27,SEA,MIN,4,11,Final,R,823719
2026-04-27,MIA,LAD,4,5,Final,R,823961
2026-04-27,TB,CLE,3,2,Final,R,824446
2026-04-27,LAA,CWS,7,8,Final,R,824609
2026-04-28,BOS,TOR,0,3,Final,R,822823
2026-04-28,NYY,TEX,3,2,Final,R,822908
2026-04-28,CHC,SD,8,3,Final,R,823310
2026-04-28,STL,PIT,11,7,Final,R,823390
2026-04-28,SF,PHI,0,7,Final,R,823473
2026-04-28,WSH,NYM,0,8,Final,R,823636
2026-04-28,SEA,MIN,7,1,Final,R,823716
2026-04-28,AZ,MIL,2,13,Final,R,823798
2026-04-28,MIA,LAD,2,1,Final,R,823956
2026-04-28,TB,CLE,1,0,Final,R,824447
2026-04-28,COL,CIN,2,7,Final,R,824526
2026-04-28,LAA,CWS,2,5,Final,R,824610
2026-04-28,HOU,BAL,3,5,Final,R,824849
2026-04-28,DET,ATL,2,5,Final,R,824931
2026-04-28,KC,ATH,4,1,Final,R,825017
2026-04-29,BOS,TOR,1,8,Final,R,822821
2026-04-29,NYY,TEX,0,3,Final,R,822907
2026-04-29,CHC,SD,5,4,Final,R,823312
2026-04-29,STL,PIT,5,4,Final,R,823392
2026-04-29,WSH,NYM,14,2,Final,R,823633
2026-04-29,SEA,MIN,5,3,Final,R,823717
2026-04-29,AZ,MIL,6,2,Final,R,823796
2026-04-29,MIA,LAD,3,2,Final,R,823958
2026-04-29,TB,CLE,1,3,Final,R,824445
2026-04-29,COL,CIN,13,2,Final,R,824525
2026-04-29,LAA,CWS,2,3,Final,R,824608
2026-04-29,DET,ATL,3,4,Final,R,824930
2026-04-29,KC,ATH,2,5,Final,R,825015
2026-04-30,STL,PIT,10,5,Final,R,823391
2026-04-30,SF,PHI,5,6,Final,R,823471
2026-04-30,SF,PHI,2,3,Final,R,823472
2026-04-30,WSH,NYM,5,4,Final,R,823634
2026-04-30,TOR,MIN,1,7,Final,R,823714
2026-04-30,AZ,MIL,1,13,Final,R,823795
2026-04-30,COL,CIN,4,6,Final,R,824524
2026-04-30,HOU,BAL,3,10,Final,R,824848
2026-04-30,HOU,BAL,11,5,Final,R,824850
2026-04-30,DET,ATL,5,2,Final,R,824929
2026-04-30,KC,ATH,3,6,Final,R,825016
2026-05-01,MIL,WSH,6,1,Final,R,822744
2026-05-01,SF,TB,0,3,Final,R,822990
2026-05-01,LAD,STL,2,7,Final,R,823066
2026-05-01,KC,SEA,7,6,Final,R,823146
2026-05-01,CWS,SD,8,2,Final,R,823309
2026-05-01,CIN,PIT,1,9,Final,R,823389
2026-05-01,BAL,NYY,2,7,Final,R,823557
2026-05-01,TOR,MIN,7,3,Final,R,823713
2026-05-01,PHI,MIA,6,5,Final,R,823877
2026-05-01,NYM,LAA,4,3,Final,R,824041
2026-05-01,TEX,DET,5,4,Final,R,824287
2026-05-01,ATL,COL,8,6,Final,R,824366
2026-05-01,AZ,CHC,5,6,Final,R,824686
2026-05-01,HOU,BOS,1,3,Final,R,824772
2026-05-01,CLE,ATH,8,5,Final,R,825012
2026-05-02,MIL,WSH,4,1,Final,R,822746
2026-05-02,SF,TB,1,5,Final,R,822988
2026-05-02,LAD,STL,2,3,Final,R,823067
2026-05-02,KC,SEA,3,2,Final,R,823144
2026-05-02,CWS,SD,4,0,Final,R,823308
2026-05-02,CIN,PIT,7,17,Final,R,823388
2026-05-02,BAL,NYY,4,9,Final,R,823554
2026-05-02,TOR,MIN,11,4,Final,R,823715
2026-05-02,PHI,MIA,0,4,Final,R,823876
2026-05-02,NYM,LAA,3,4,Final,R,824042
2026-05-02,TEX,DET,1,5,Final,R,824284
2026-05-02,ATL,COL,9,1,Final,R,824365
2026-05-02,AZ,CHC,0,2,Final,R,824685
2026-05-02,HOU,BOS,6,3,Final,R,824771
2026-05-02,CLE,ATH,14,6,Final,R,825014
2026-05-03,MIL,WSH,2,3,Final,R,822742
2026-05-03,SF,TB,1,2,Final,R,822987
2026-05-03,LAD,STL,4,1,Final,R,823065
2026-05-03,KC,SEA,4,1,Final,R,823145
2026-05-03,CWS,SD,3,4,Final,R,823307
2026-05-03,CIN,PIT,0,1,Final,R,823387
2026-05-03,BAL,NYY,3,11,Final,R,823555
2026-05-03,TOR,MIN,3,4,Final,R,823711
2026-05-03,PHI,MIA,7,2,Final,R,823875
2026-05-03,NYM,LAA,5,1,Final,R,824043
2026-05-03,TEX,DET,1,7,Final,R,824285
2026-05-03,ATL,COL,11,6,Final,R,824364
2026-05-03,AZ,CHC,4,8,Final,R,824687
2026-05-03,HOU,BOS,3,1,Final,R,824769
2026-05-03,CLE,ATH,1,7,Final,R,825013
2026-05-04,TOR,TB,1,5,Final,R,822984
2026-05-04,MIL,STL,3,6,Final,R,823064
2026-05-04,ATL,SEA,4,5,Final,R,823143
2026-05-04,SD,SF,2,3,Final,R,823228
2026-05-04,BAL,NYY,1,12,Final,R,823552
2026-05-04,PHI,MIA,1,0,Final,R,823874
2026-05-04,CWS,LAA,6,0,Final,R,824039
2026-05-04,CLE,KC,2,6,Final,R,824120
2026-05-04,LAD,HOU,8,3,Final,R,824201
2026-05-04,BOS,DET,5,4,Final,R,824283
2026-05-04,NYM,COL,4,2,Final,R,824363
2026-05-04,CIN,CHC,4,5,Final,R,824684
2026-05-05,MIN,WSH,11,3,Final,R,822743
2026-05-05,TOR,TB,3,4,Final,R,822986
2026-05-05,ATL,SEA,3,2,Final,R,823142
2026-05-05,SD,SF,10,5,Final,R,823227
2026-05-05,ATH,PHI,1,9,Final,R,823469
2026-05-05,TEX,NYY,4,7,Final,R,823553
2026-05-05,BAL,MIA,9,7,Final,R,823873
2026-05-05,CWS,LAA,3,4,Final,R,824040
2026-05-05,CLE,KC,3,5,Final,R,824119
2026-05-05,LAD,HOU,1,2,Final,R,824200
2026-05-05,BOS,DET,10,3,Final,R,824281
2026-05-05,CIN,CHC,2,3,Final,R,824682
2026-05-05,PIT,AZ,0,9,Final,R,825092
2026-05-06,MIN,WSH,2,15,Final,R,822740
2026-05-06,TOR,TB,0,3,Final,R,822985
2026-05-06,MIL,STL,6,2,Final,R,823063
2026-05-06,ATL,SEA,1,3,Final,R,823141
2026-05-06,SD,SF,5,1,Final,R,823226
2026-05-06,ATH,PHI,3,6,Final,R,823470
2026-05-06,TEX,NYY,6,1,Final,R,823550
2026-05-06,BAL,MIA,7,4,Final,R,823872
2026-05-06,CWS,LAA,2,8,Final,R,824036
2026-05-06,CLE,KC,3,1,Final,R,824118
2026-05-06,LAD,HOU,12,2,Final,R,824198
2026-05-06,BOS,DET,4,0,Final,R,824282
2026-05-06,NYM,COL,10,5,Final,R,824361
2026-05-06,CIN,CHC,6,7,Final,R,824683
2026-05-06,PIT,AZ,1,0,Final,R,825091
2026-05-07,MIN,WSH,5,7,Final,R,822741
2026-05-07,STL,SD,2,1,Final,R,823306
2026-05-07,ATH,PHI,12,1,Final,R,823467
2026-05-07,TEX,NYY,2,9,Final,R,823551
2026-05-07,BAL,MIA,3,4,Final,R,823870
2026-05-07,CLE,KC,8,5,Final,R,824117
2026-05-07,NYM,COL,2,6,Final,R,824362
2026-05-07,CIN,CHC,3,8,Final,R,824681
2026-05-07,TB,BOS,8,4,Final,R,824767
2026-05-07,PIT,AZ,4,2,Final,R,825090
2026-05-08,LAA,TOR,0,2,Final,R,822822
2026-05-08,CHC,TEX,7,1,Final,R,822904
2026-05-08,PIT,SF,2,5,Final,R,823225
2026-05-08,STL,SD,6,0,Final,R,823303
2026-05-08,COL,PHI,9,7,Final,R,823466
2026-05-08,NYY,MIL,0,6,Final,R,823794
2026-05-08,WSH,MIA,3,2,Final,R,823871
2026-05-08,ATL,LAD,1,3,Final,R,823957
2026-05-08,DET,KC,3,4,Final,R,824116
2026-05-08,MIN,CLE,4,6,Final,R,824443
2026-05-08,HOU,CIN,10,0,Final,R,824522
2026-05-08,SEA,CWS,12,8,Final,R,824607
2026-05-08,TB,BOS,0,2,Final,R,824768
2026-05-08,ATH,BAL,4,3,Final,R,824846
2026-05-08,NYM,AZ,3,1,Final,R,825088
2026-05-09,LAA,TOR,1,14,Final,R,822820
2026-05-09,CHC,TEX,0,6,Final,R,822905
2026-05-09,PIT,SF,13,3,Final,R,823224
2026-05-09,STL,SD,2,4,Final,R,823304
2026-05-09,COL,PHI,3,9,Final,R,823468
2026-05-09,NYY,MIL,3,4,Final,R,823792
2026-05-09,WSH,MIA,7,8,Final,R,823869
2026-05-09,ATL,LAD,7,2,Final,R,823955
2026-05-09,DET,KC,1,5,Final,R,824115
2026-05-09,MIN,CLE,2,1,Final,R,824444
2026-05-09,HOU,CIN,1,3,Final,R,824523
2026-05-09,SEA,CWS,1,6,Final,R,824606
2026-05-09,ATH,BAL,6,2,Final,R,824847
2026-05-09,NYM,AZ,1,2,Final,R,825089
2026-05-10,LAA,TOR,6,1,Final,R,822819
2026-05-10,CHC,TEX,0,3,Final,R,822902
2026-05-10,PIT,SF,6,7,Final,R,823221
2026-05-10,STL,SD,2,3,Final,R,823305
2026-05-10,COL,PHI,0,6,Final,R,823463
2026-05-10,NYY,MIL,3,4,Final,R,823793
2026-05-10,WSH,MIA,2,5,Final,R,823868
2026-05-10,ATL,LAD,7,2,Final,R,823954
2026-05-10,DET,KC,6,3,Final,R,824113
2026-05-10,MIN,CLE,5,4,Final,R,824440
2026-05-10,HOU,CIN,0,5,Final,R,824520
2026-05-10,SEA,CWS,1,2,Final,R,824605
2026-05-10,TB,BOS,4,1,Final,R,824765
2026-05-10,ATH,BAL,1,2,Final,R,824845
2026-05-10,NYM,AZ,1,5,Final,R,825085
2026-05-11,TB,TOR,8,5,Final,R,822818
2026-05-11,AZ,TEX,1,0,Final,R,822901
2026-05-11,SF,LAD,9,3,Final,R,823953
2026-05-11,SEA,HOU,3,1,Final,R,824199
2026-05-11,LAA,CLE,2,7,Final,R,824441
2026-05-11,NYY,BAL,2,3,Final,R,824844
2026-05-12,TB,TOR,7,6,Final,R,822817
2026-05-12,AZ,TEX,4,7,Final,R,822903
2026-05-12,COL,PIT,1,3,Final,R,823385
2026-05-12,DET,NYM,2,10,Final,R,823632
2026-05-12,MIA,MIN,0,3,Final,R,823712
2026-05-12,SD,MIL,4,6,Final,R,823790
2026-05-12,SF,LAD,6,2,Final,R,823951
2026-05-12,SEA,HOU,10,2,Final,R,824197
2026-05-12,LAA,CLE,2,3,Final,R,824442
2026-05-12,WSH,CIN,10,4,Final,R,824521
2026-05-12,KC,CWS,5,6,Final,R,824604
2026-05-12,PHI,BOS,2,1,Final,R,824764
2026-05-12,NYY,BAL,6,2,Final,R,824843
2026-05-12,CHC,ATL,2,5,Final,R,824927
2026-05-12,STL,ATH,6,4,Final,R,825011
2026-05-13,TB,TOR,3,5,Final,R,822815
2026-05-13,AZ,TEX,5,6,Final,R,822900
2026-05-13,COL,PIT,10,4,Final,R,823386
2026-05-13,DET,NYM,2,3,Final,R,823631
2026-05-13,MIA,MIN,9,5,Final,R,823710
2026-05-13,SD,MIL,3,1,Final,R,823791
2026-05-13,SF,LAD,0,4,Final,R,823952
2026-05-13,SEA,HOU,3,4,Final,R,824195
2026-05-13,LAA,CLE,2,4,Final,R,824438
2026-05-13,WSH,CIN,8,7,Final,R,824519
2026-05-13,KC,CWS,5,6,Final,R,824603
2026-05-13,PHI,BOS,1,3,Final,R,824763
2026-05-13,NYY,BAL,0,7,Final,R,824841
2026-05-13,CHC,ATL,1,4,Final,R,824928
2026-05-13,STL,ATH,2,6,Final,R,825010
2026-05-14,COL,PIT,2,7,Final,R,823383
2026-05-14,DET,NYM,4,9,Final,R,823630
2026-05-14,MIA,MIN,1,9,Final,R,823709
2026-05-14,SD,MIL,1,7,Final,R,823789
2026-05-14,SF,LAD,2,5,Final,R,823950
2026-05-14,SEA,HOU,8,3,Final,R,824196
2026-05-14,WSH,CIN,1,15,Final,R,824517
2026-05-14,KC,CWS,2,6,Final,R,824602
2026-05-14,PHI,BOS,3,1,Final,R,824762
2026-05-14,CHC,ATL,2,0,Final,R,824926
2026-05-14,STL,ATH,5,4,Final,R,825008
2026-05-15,BAL,WSH,2,3,Final,R,822739
2026-05-15,MIA,TB,2,7,Final,R,822983
2026-05-15,KC,STL,4,5,Final,R,823061
2026-05-15,SD,SEA,2,0,Final,R,823140
2026-05-15,PHI,PIT,11,9,Final,R,823384
2026-05-15,NYY,NYM,5,2,Final,R,823629
2026-05-15,MIL,MIN,3,2,Final,R,823707
2026-05-15,LAD,LAA,6,0,Final,R,824037
2026-05-15,TEX,HOU,0,2,Final,R,824194
2026-05-15,TOR,DET,2,3,Final,R,824280
2026-05-15,AZ,COL,9,1,Final,R,824360
2026-05-15,CIN,CLE,7,6,Final,R,824439
2026-05-15,CHC,CWS,10,5,Final,R,824601
2026-05-15,BOS,ATL,2,3,Final,R,824925
2026-05-15,SF,ATH,2,5,Final,R,825009
2026-05-16,BAL,WSH,3,13,Final,R,822737
2026-05-16,MIA,TB,10,5,Final,R,822981
2026-05-16,KC,STL,2,4,Final,R,823060
2026-05-16,SD,SEA,7,4,Final,R,823139
2026-05-16,PHI,PIT,6,0,Final,R,823382
2026-05-16,NYY,NYM,3,6,Final,R,823627
2026-05-16,MIL,MIN,2,1,Final,R,823706
2026-05-16,LAD,LAA,15,2,Final,R,824038
2026-05-16,TEX,HOU,1,4,Final,R,824193
2026-05-16,TOR,DET,2,1,Final,R,824278
2026-05-16,AZ,COL,2,4,Final,R,824359
2026-05-16,CIN,CLE,4,7,Final,R,824435
2026-05-16,CHC,CWS,3,8,Final,R,824600
2026-05-16,BOS,ATL,3,2,Final,R,824924
2026-05-16,SF,ATH,6,4,Final,R,825007
2026-05-17,BAL,WSH,7,3,Final,R,822738
2026-05-17,MIA,TB,3,6,Final,R,822982
2026-05-17,KC,STL,2,0,Final,R,823058
2026-05-17,SD,SEA,8,3,Final,R,823138
2026-05-17,PHI,PIT,6,0,Final,R,823381
2026-05-17,NYY,NYM,6,7,Final,R,823628
2026-05-17,MIL,MIN,4,5,Final,R,823708
2026-05-17,LAD,LAA,10,1,Final,R,824034
2026-05-17,TEX,HOU,8,0,Final,R,824192
2026-05-17,TOR,DET,4,1,Final,R,824279
2026-05-17,AZ,COL,8,6,Final,R,824358
2026-05-17,CIN,CLE,3,10,Final,R,824436
2026-05-17,CHC,CWS,8,9,Final,R,824599
2026-05-17,BOS,ATL,1,8,Final,R,824923
2026-05-17,SF,ATH,10,1,Final,R,825006
2026-05-18,NYM,WSH,16,7,Final,R,822734
2026-05-18,BAL,TB,6,16,Final,R,822980
2026-05-18,CWS,SEA,1,6,Final,R,823137
2026-05-18,LAD,SD,0,1,Final,R,823301
2026-05-18,CIN,PHI,4,5,Final,R,823465
2026-05-18,TOR,NYY,6,7,Final,R,823549
2026-05-18,HOU,MIN,3,6,Final,R,823705
2026-05-18,ATL,MIA,0,12,Final,R,823867
2026-05-18,ATH,LAA,1,2,Final,R,824035
2026-05-18,BOS,KC,3,1,Final,R,824114
2026-05-18,CLE,DET,8,2,Final,R,824277
2026-05-18,TEX,COL,6,7,Final,R,824357
2026-05-18,MIL,CHC,9,3,Final,R,824680
2026-05-18,SF,AZ,2,12,Final,R,825087
2026-05-19,NYM,WSH,6,9,Final,R,822736
2026-05-19,BAL,TB,1,4,Final,R,822979
2026-05-19,PIT,STL,6,9,Final,R,823059
2026-05-19,CWS,SEA,2,1,Final,R,823136
2026-05-19,LAD,SD,5,4,Final,R,823302
2026-05-19,CIN,PHI,4,1,Final,R,823464
2026-05-19,TOR,NYY,4,5,Final,R,823548
2026-05-19,HOU,MIN,2,1,Final,R,823704
2026-05-19,ATL,MIA,8,4,Final,R,823865
2026-05-19,ATH,LAA,14,6,Final,R,824033
2026-05-19,BOS,KC,7,1,Final,R,824112
2026-05-19,CLE,DET,4,3,Final,R,824276
2026-05-19,TEX,COL,10,0,Final,R,824356
2026-05-19,MIL,CHC,5,2,Final,R,824677
2026-05-19,SF,AZ,3,5,Final,R,825086
2026-05-20,NYM,WSH,4,8,Final,R,822735
2026-05-20,BAL,TB,3,5,Final,R,822977
2026-05-20,PIT,STL,7,0,Final,R,823057
2026-05-20,CWS,SEA,4,5,Final,R,823134
2026-05-20,LAD,SD,4,0,Final,R,823299
2026-05-20,CIN,PHI,9,4,Final,R,823462
2026-05-20,TOR,NYY,2,1,Final,R,823547
2026-05-20,HOU,MIN,1,4,Final,R,823703
2026-05-20,ATL,MIA,9,1,Final,R,823866
2026-05-20,ATH,LAA,6,5,Final,R,824032
2026-05-20,BOS,KC,4,3,Final,R,824111
2026-05-20,CLE,DET,3,2,Final,R,824273
2026-05-20,TEX,COL,5,4,Final,R,824355
2026-05-20,MIL,CHC,5,0,Final,R,824678
2026-05-20,SF,AZ,3,6,Final,R,825084
2026-05-21,NYM,WSH,2,1,Final,R,822733
2026-05-21,PIT,STL,6,2,Final,R,823056
2026-05-21,TOR,NYY,2,0,Final,R,823545
2026-05-21,ATL,MIA,9,3,Final,R,823864
2026-05-21,ATH,LAA,3,2,Final,R,824031
2026-05-21,CLE,DET,3,1,Final,R,824274
2026-05-21,COL,AZ,1,2,Final,R,825083
2026-05-22,PIT,TOR,2,6,Final,R,822816
2026-05-22,CWS,SF,9,4,Final,R,823223
2026-05-22,ATH,SD,3,7,Final,R,823298
2026-05-22,CLE,PHI,1,0,Final,R,823461
2026-05-22,TB,NYY,4,2,Final,R,823546
2026-05-22,LAD,MIL,1,5,Final,R,823788
2026-05-22,NYM,MIA,1,2,Final,R,823863
2026-05-22,TEX,LAA,6,9,Final,R,824029
2026-05-22,SEA,KC,2,0,Final,R,824110
2026-05-22,HOU,CHC,4,2,Final,R,824679
2026-05-22,MIN,BOS,8,6,Final,R,824761
2026-05-22,DET,BAL,4,7,Final,R,824842
2026-05-22,WSH,ATL,4,5,Final,R,824922
2026-05-22,COL,AZ,3,2,Final,R,825082
2026-05-23,PIT,TOR,2,5,Final,R,822814
2026-05-23,CWS,SF,3,10,Final,R,823222
2026-05-23,ATH,SD,0,2,Final,R,823300
2026-05-23,CLE,PHI,0,3,Final,R,823458
2026-05-23,LAD,MIL,11,3,Final,R,823787
2026-05-23,NYM,MIA,1,4,Final,R,823862
2026-05-23,TEX,LAA,2,5,Final,R,824030
2026-05-23,SEA,KC,0,5,Final,R,824109
2026-05-23,STL,CIN,6,7,Final,R,824516
2026-05-23,STL,CIN,8,1,Final,R,824518
2026-05-23,HOU,CHC,3,0,Final,R,824674
2026-05-23,MIN,BOS,4,2,Final,R,824760
2026-05-23,WSH,ATL,2,0,Final,R,824920
2026-05-23,COL,AZ,4,5,Final,R,825080
2026-05-24,PIT,TOR,4,1,Final,R,822813
2026-05-24,CWS,SF,5,8,Final,R,823220
2026-05-24,ATH,SD,5,2,Final,R,823297
2026-05-24,CLE,PHI,3,1,Final,R,823459
2026-05-24,TB,NYY,0,2,Final,R,823544
2026-05-24,LAD,MIL,5,1,Final,R,823786
2026-05-24,NYM,MIA,0,4,Final,R,823861
2026-05-24,TEX,LAA,1,2,Final,R,824028
2026-05-24,SEA,KC,6,8,Final,R,824108
2026-05-24,HOU,CHC,8,5,Final,R,824676
2026-05-24,MIN,BOS,6,5,Final,R,824759
2026-05-24,DET,BAL,3,5,Final,R,824839
2026-05-24,DET,BAL,4,1,Final,R,824840
2026-05-24,WSH,ATL,2,1,Final,R,824921
2026-05-24,COL,AZ,1,9,Final,R,825081
2026-05-25,MIA,TOR,8,2,Final,R,822812
2026-05-25,HOU,TEX,9,0,Final,R,822899
2026-05-25,AZ,SF,6,2,Final,R,823219
2026-05-25,PHI,SD,3,0,Final,R,823296
2026-05-25,CHC,PIT,1,2,Final,R,823380
2026-05-25,CIN,NYM,7,2,Final,R,823625
2026-05-25,STL,MIL,1,5,Final,R,823784
2026-05-25,COL,LAD,3,5,Final,R,823948
2026-05-25,NYY,KC,4,3,Final,R,824107
2026-05-25,WSH,CLE,10,2,Final,R,824437
2026-05-25,MIN,CWS,1,3,Final,R,824598
2026-05-25,TB,BAL,7,9,Final,R,824838
2026-05-25,SEA,ATH,9,2,Final,R,825005
2026-05-26,MIA,TOR,1,8,Final,R,822811
2026-05-26,HOU,TEX,7,10,Final,R,822898
2026-05-26,AZ,SF,7,5,Final,R,823216
2026-05-26,PHI,SD,4,3,Final,R,823294
2026-05-26,CHC,PIT,1,12,Final,R,823379
2026-05-26,CIN,NYM,7,2,Final,R,823624
2026-05-26,STL,MIL,0,6,Final,R,823785
2026-05-26,COL,LAD,6,15,Final,R,823949
2026-05-26,NYY,KC,15,1,Final,R,824106
2026-05-26,LAA,DET,10,6,Final,R,824275
2026-05-26,WSH,CLE,6,3,Final,R,824434
2026-05-26,MIN,CWS,5,3,Final,R,824597
2026-05-26,ATL,BOS,7,6,Final,R,824758
2026-05-26,TB,BAL,1,6,Final,R,824837
2026-05-26,SEA,ATH,4,1,Final,R,825004
2026-05-27,MIA,TOR,1,2,Final,R,822809
2026-05-27,HOU,TEX,4,3,Final,R,822897
2026-05-27,AZ,SF,3,2,Final,R,823217
2026-05-27,PHI,SD,3,0,Final,R,823295
2026-05-27,CHC,PIT,10,4,Final,R,823376
2026-05-27,CIN,NYM,2,4,Final,R,823626
2026-05-27,STL,MIL,1,2,Final,R,823783
2026-05-27,COL,LAD,1,4,Final,R,823947
2026-05-27,NYY,KC,7,0,Final,R,824104
2026-05-27,LAA,DET,0,4,Final,R,824270
2026-05-27,WSH,CLE,2,3,Final,R,824432
2026-05-27,MIN,CWS,2,15,Final,R,824596
2026-05-27,ATL,BOS,0,8,Final,R,824756
2026-05-27,TB,BAL,2,11,Final,R,824836
2026-05-27,SEA,ATH,9,1,Final,R,825003
2026-05-28,HOU,TEX,5,1,Final,R,822896
2026-05-28,CHC,PIT,7,2,Final,R,823378
2026-05-28,LAA,DET,7,1,Final,R,824272
2026-05-28,MIN,CWS,2,6,Final,R,824595
2026-05-28,ATL,BOS,10,2,Final,R,824757
2026-05-28,TOR,BAL,2,1,Final,R,824834
2026-05-29,SD,WSH,7,5,Final,R,822732
2026-05-29,KC,TEX,1,9,Final,R,822894
2026-05-29,LAA,TB,5,8,Final,R,822978
2026-05-29,CHC,STL,5,6,Final,R,823055
2026-05-29,AZ,SEA,6,7,Final,R,823135
2026-05-29,MIN,PIT,5,6,Final,R,823377
2026-05-29,MIA,NYM,7,9,Final,R,823623
2026-05-29,PHI,LAD,2,4,Final,R,823946
2026-05-29,MIL,HOU,5,4,Final,R,824191
2026-05-29,SF,COL,6,8,Final,R,824353
2026-05-29,BOS,CLE,3,4,Final,R,824433
2026-05-29,ATL,CIN,8,3,Final,R,824515
2026-05-29,DET,CWS,3,4,Final,R,824594
2026-05-29,TOR,BAL,6,5,Final,R,824835
2026-05-29,NYY,ATH,8,2,Final,R,825002
2026-05-30,SD,WSH,4,9,Final,R,822731
2026-05-30,KC,TEX,6,7,Final,R,822893
2026-05-30,LAA,TB,14,3,Final,R,822975
2026-05-30,CHC,STL,6,1,Final,R,823054
2026-05-30,AZ,SEA,1,5,Final,R,823132
2026-05-30,MIN,PIT,9,10,Final,R,823375
2026-05-30,MIA,NYM,1,6,Final,R,823622
2026-05-30,PHI,LAD,4,3,Final,R,823945
2026-05-30,MIL,HOU,2,9,Final,R,824190
2026-05-30,SF,COL,3,8,Final,R,824352
2026-05-30,BOS,CLE,9,1,Final,R,824431
2026-05-30,ATL,CIN,5,2,Final,R,824513
2026-05-30,DET,CWS,1,7,Final,R,824593
2026-05-30,TOR,BAL,5,6,Final,R,824833
2026-05-30,NYY,ATH,4,6,Final,R,825000
2026-05-31,SD,WSH,2,4,Final,R,822729
2026-05-31,KC,TEX,3,6,Final,R,822895
2026-05-31,LAA,TB,2,5,Final,R,822976
2026-05-31,CHC,STL,1,5,Final,R,823053
2026-05-31,AZ,SEA,2,3,Final,R,823133
2026-05-31,MIN,PIT,3,9,Final,R,823373
2026-05-31,MIA,NYM,1,10,Final,R,823621
2026-05-31,PHI,LAD,1,9,Final,R,823944
2026-05-31,MIL,HOU,2,0,Final,R,824187
2026-05-31,SF,COL,19,6,Final,R,824354
2026-05-31,BOS,CLE,9,4,Final,R,824430
2026-05-31,ATL,CIN,4,6,Final,R,824512
2026-05-31,DET,CWS,1,2,Final,R,824592
2026-05-31,TOR,BAL,5,9,Final,R,824832
2026-05-31,NYY,ATH,13,8,Final,R,825001
2026-06-01,MIA,WSH,7,3,Final,R,822730
2026-06-01,DET,TB,10,9,Final,R,822974
2026-06-01,TEX,STL,2,1,Final,R,823050
2026-06-01,NYM,SEA,2,3,Final,R,823131
2026-06-01,CWS,MIN,6,9,Final,R,823702
2026-06-01,SF,MIL,2,16,Final,R,823781
2026-06-01,COL,LAA,9,8,Final,R,824027
2026-06-01,KC,CIN,9,2,Final,R,824510
2026-06-01,LAD,AZ,1,4,Final,R,825078
2026-06-02,MIA,WSH,7,3,Final,R,822728
2026-06-02,DET,TB,8,0,Final,R,822971
2026-06-02,TEX,STL,7,4,Final,R,823052
2026-06-02,NYM,SEA,3,8,Final,R,823129
2026-06-02,SD,PHI,2,3,Final,R,823460
2026-06-02,CLE,NYY,9,4,Final,R,823541
2026-06-02,CWS,MIN,4,6,Final,R,823700
2026-06-02,SF,MIL,3,8,Final,R,823782
2026-06-02,COL,LAA,8,2,Final,R,824026
2026-06-02,PIT,HOU,10,6,Final,R,824189
2026-06-02,KC,CIN,3,4,Final,R,824511
2026-06-02,ATH,CHC,2,1,Final,R,824675
2026-06-02,BAL,BOS,4,2,Final,R,824754
2026-06-02,TOR,ATL,3,4,Final,R,824918
2026-06-02,LAD,AZ,6,5,Final,R,825079
2026-06-03,MIA,WSH,4,1,Final,R,822727
2026-06-03,DET,TB,7,2,Final,R,822973
2026-06-03,TEX,STL,3,5,Final,R,823051
2026-06-03,NYM,SEA,7,1,Final,R,823130
2026-06-03,SD,PHI,2,3,Final,R,823456
2026-06-03,CLE,NYY,5,4,Final,R,823540
2026-06-03,CWS,MIN,8,0,Final,R,823701
2026-06-03,SF,MIL,1,0,Final,R,823780
2026-06-03,COL,LAA,4,11,Final,R,824024
2026-06-03,PIT,HOU,9,11,Final,R,824188
2026-06-03,KC,CIN,5,2,Final,R,824509
2026-06-03,ATH,CHC,5,4,Final,R,824671
2026-06-03,BAL,BOS,1,8,Final,R,824755
2026-06-03,TOR,ATL,3,7,Final,R,824917
2026-06-03,LAD,AZ,7,0,Final,R,825077
2026-06-04,SD,PHI,4,6,Final,R,823457
2026-06-04,CLE,NYY,1,2,Final,R,823542
2026-06-04,KC,MIN,8,6,Final,R,823698
2026-06-04,SF,MIL,12,9,Final,R,823779
2026-06-04,PIT,HOU,5,1,Final,R,824185
2026-06-04,ATH,CHC,6,7,Final,R,824672
2026-06-04,BAL,BOS,8,2,Final,R,824753
2026-06-04,TOR,ATL,7,2,Final,R,824919
2026-06-04,LAD,AZ,2,3,Final,R,825076
2026-06-05,BAL,TOR,13,3,Final,R,822810
2026-06-05,CLE,TEX,2,3,Final,R,822892
2026-06-05,CIN,STL,3,10,Final,R,823049
2026-06-05,NYM,SD,5,0,Final,R,823293
2026-06-05,CWS,PHI,6,8,Final,R,823455
2026-06-05,BOS,NYY,5,3,Final,R,823538
2026-06-05,KC,MIN,3,5,Final,R,823699
2026-06-05,TB,MIA,6,0,Final,R,823860
2026-06-05,LAA,LAD,0,1,Final,R,823943
2026-06-05,ATH,HOU,1,5,Final,R,824186
2026-06-05,SEA,DET,3,7,Final,R,824271
2026-06-05,MIL,COL,9,7,Final,R,824350
2026-06-05,SF,CHC,18,3,Final,R,824673
2026-06-05,PIT,ATL,3,6,Final,R,824914
2026-06-05,WSH,AZ,14,1,Final,R,825073
2026-06-06,BAL,TOR,4,6,Final,R,822808
2026-06-06,CLE,TEX,6,0,Final,R,822891
2026-06-06,CIN,STL,5,6,Final,R,823048
2026-06-06,NYM,SD,2,3,Final,R,823292
2026-06-06,CWS,PHI,6,3,Final,R,823454
2026-06-06,KC,MIN,3,2,Final,R,823697
2026-06-06,TB,MIA,3,4,Final,R,823859
2026-06-06,LAA,LAD,2,9,Final,R,823942
2026-06-06,ATH,HOU,2,13,Final,R,824184
2026-06-06,SEA,DET,4,0,Final,R,824269
2026-06-06,MIL,COL,7,1,Final,R,824351
2026-06-06,SF,CHC,2,3,Final,R,824669
2026-06-06,PIT,ATL,3,6,Final,R,824915
2026-06-06,WSH,AZ,6,1,Final,R,825075
2026-06-07,BAL,TOR,4,6,Final,R,822807
2026-06-07,CLE,TEX,0,10,Final,R,822890
2026-06-07,CIN,STL,3,5,Final,R,823047
2026-06-07,NYM,SD,7,3,Final,R,823291
2026-06-07,CWS,PHI,5,9,Final,R,823453
2026-06-07,BOS,NYY,1,6,Final,R,823537
2026-06-07,KC,MIN,6,5,Final,R,823696
2026-06-07,TB,MIA,1,4,Final,R,823857
2026-06-07,LAA,LAD,13,5,Final,R,823941
2026-06-07,ATH,HOU,5,0,Final,R,824183
2026-06-07,SEA,DET,4,5,Final,R,824268
2026-06-07,MIL,COL,12,4,Final,R,824349
2026-06-07,SF,CHC,2,1,Final,R,824670
2026-06-07,PIT,ATL,2,3,Final,R,824916
2026-06-07,WSH,AZ,1,5,Final,R,825074
2026-06-08,PHI,TOR,5,2,Final,R,822806
2026-06-08,BOS,TB,1,3,Final,R,822972
2026-06-08,WSH,SF,4,3,Final,R,823218
2026-06-08,CIN,SD,2,6,Final,R,823289
2026-06-08,HOU,LAA,5,4,Final,R,824025
2026-06-08,NYY,CLE,7,5,Final,R,824427
2026-06-08,SEA,BAL,6,3,Final,R,824829
2026-06-08,MIL,ATH,15,14,Final,R,824998
2026-06-09,PHI,TOR,2,3,Final,R,822805
2026-06-09,BOS,TB,3,4,Final,R,822969
2026-06-09,WSH,SF,6,3,Final,R,823214
2026-06-09,CIN,SD,5,3,Final,R,823290
2026-06-09,LAD,PIT,12,3,Final,R,823374
2026-06-09,STL,NYM,7,0,Final,R,823620
2026-06-09,AZ,MIA,6,10,Final,R,823858
2026-06-09,HOU,LAA,1,10,Final,R,824023
2026-06-09,TEX,KC,3,5,Final,R,824105
2026-06-09,MIN,DET,4,10,Final,R,824267
2026-06-09,CHC,COL,3,7,Final,R,824347
2026-06-09,NYY,CLE,3,2,Final,R,824429
2026-06-09,ATL,CWS,5,6,Final,R,824591
2026-06-09,SEA,BAL,6,5,Final,R,824830
2026-06-09,MIL,ATH,5,7,Final,R,824999
2026-06-10,PHI,TOR,7,4,Final,R,822804
2026-06-10,BOS,TB,5,7,Final,R,822970
2026-06-10,WSH,SF,10,11,Final,R,823215
2026-06-10,CIN,SD,4,5,Final,R,823287
2026-06-10,LAD,PIT,8,9,Final,R,823372
2026-06-10,STL,NYM,9,2,Final,R,823618
2026-06-10,AZ,MIA,0,8,Final,R,823856
2026-06-10,HOU,LAA,2,3,Final,R,824022
2026-06-10,TEX,KC,6,4,Final,R,824103
2026-06-10,MIN,DET,6,4,Final,R,824266
2026-06-10,CHC,COL,2,3,Final,R,824348
2026-06-10,NYY,CLE,8,4,Final,R,824428
2026-06-10,ATL,CWS,1,2,Final,R,824590
2026-06-10,SEA,BAL,2,7,Final,R,824831
2026-06-10,MIL,ATH,3,4,Final,R,824996
2026-06-11,LAD,PIT,8,6,Final,R,823371
2026-06-11,STL,NYM,4,5,Final,R,823619
2026-06-11,AZ,MIA,0,2,Final,R,823855
2026-06-11,TEX,KC,4,2,Final,R,824101
2026-06-11,MIN,DET,0,11,Final,R,824265
2026-06-11,CHC,COL,9,3,Final,R,824346
2026-06-11,SEA,BAL,5,7,Final,R,824827
2026-06-12,SEA,WSH,10,2,Final,R,822726
2026-06-12,NYY,TOR,5,8,Final,R,822803
2026-06-12,CHC,SF,5,1,Final,R,823211
2026-06-12,MIA,PIT,8,3,Final,R,823370
2026-06-12,ATL,NYM,5,7,Final,R,823617
2026-06-12,STL,MIN,8,9,Final,R,823695
2026-06-12,PHI,MIL,0,6,Final,R,823778
2026-06-12,TB,LAA,3,4,Final,R,824020
2026-06-12,HOU,KC,10,8,Final,R,824102
2026-06-12,DET,CLE,2,3,Final,R,824425
2026-06-12,AZ,CIN,5,2,Final,R,824507
2026-06-12,LAD,CWS,2,8,Final,R,824588
2026-06-12,TEX,BOS,1,10,Final,R,824752
2026-06-12,SD,BAL,3,7,Final,R,824826
2026-06-12,COL,ATH,4,6,Final,R,824997
2026-06-13,SEA,WSH,3,8,Final,R,822725
2026-06-13,NYY,TOR,3,1,Final,R,822802
2026-06-13,CHC,SF,6,1,Final,R,823213
2026-06-13,MIA,PIT,2,3,Final,R,823369
2026-06-13,ATL,NYM,3,1,Final,R,823616
2026-06-13,STL,MIN,9,6,Final,R,823694
2026-06-13,PHI,MIL,9,8,Final,R,823776
2026-06-13,TB,LAA,0,8,Final,R,824019
2026-06-13,HOU,KC,8,7,Final,R,824100
2026-06-13,DET,CLE,1,3,Final,R,824426
2026-06-13,AZ,CIN,1,2,Final,R,824508
2026-06-13,LAD,CWS,7,1,Final,R,824587
2026-06-13,TEX,BOS,3,6,Final,R,824749
2026-06-13,SD,BAL,9,3,Final,R,824828
2026-06-13,COL,ATH,5,7,Final,R,824995
2026-06-14,SEA,WSH,1,10,Final,R,822722
2026-06-14,NYY,TOR,8,3,Final,R,822801
2026-06-14,CHC,SF,1,5,Final,R,823212
2026-06-14,MIA,PIT,4,2,Final,R,823368
2026-06-14,ATL,NYM,1,8,Final,R,823615
2026-06-14,STL,MIN,4,5,Final,R,823693
2026-06-14,PHI,MIL,0,4,Final,R,823777
2026-06-14,TB,LAA,8,3,Final,R,824021
2026-06-14,HOU,KC,0,4,Final,R,824099
2026-06-14,AZ,CIN,5,3,Final,R,824506
2026-06-14,LAD,CWS,4,6,Final,R,824586
2026-06-14,TEX,BOS,6,4,Final,R,824751
2026-06-14,SD,BAL,5,2,Final,R,824823
2026-06-14,COL,ATH,23,9,Final,R,824994
2026-06-15,KC,WSH,3,7,Final,R,822724
2026-06-15,MIN,TEX,4,2,Final,R,822887
2026-06-15,SD,STL,0,3,Final,R,823046
2026-06-15,MIA,PHI,0,7,Final,R,823452
2026-06-15,TB,LAD,3,4,Final,R,823938
2026-06-15,DET,HOU,9,3,Final,R,824181
2026-06-15,NYM,CIN,0,12,Final,R,824505
2026-06-15,COL,CHC,4,5,Final,R,824666
2026-06-15,PIT,ATH,2,11,Final,R,824993
2026-06-15,LAA,AZ,3,4,Final,R,825071
2026-06-16,KC,WSH,4,6,Final,R,822723
2026-06-16,MIN,TEX,12,2,Final,R,822888
2026-06-16,SD,STL,2,3,Final,R,823045
2026-06-16,BAL,SEA,1,3,Final,R,823128
2026-06-16,MIA,PHI,2,8,Final,R,823451
2026-06-16,CWS,NYY,2,12,Final,R,823535
2026-06-16,CLE,MIL,1,2,Final,R,823775
2026-06-16,TB,LAD,0,1,Final,R,823939
2026-06-16,DET,HOU,2,4,Final,R,824182
2026-06-16,NYM,CIN,3,5,Final,R,824504
2026-06-16,COL,CHC,5,2,Final,R,824667
2026-06-16,TOR,BOS,6,1,Final,R,824750
2026-06-16,SF,ATL,7,2,Final,R,824912
2026-06-16,PIT,ATH,6,5,Final,R,824991
2026-06-16,LAA,AZ,7,0,Final,R,825070
2026-06-17,KC,WSH,6,2,Final,R,822721
2026-06-17,SD,STL,6,1,Final,R,823044
2026-06-17,BAL,SEA,5,3,Final,R,823127
2026-06-17,MIA,PHI,12,4,Final,R,823450
2026-06-17,CWS,NYY,5,10,Final,R,823536
2026-06-17,CLE,MIL,4,9,Final,R,823774
2026-06-17,TB,LAD,4,5,Final,R,823940
2026-06-17,DET,HOU,2,4,Final,R,824178
2026-06-17,NYM,CIN,9,1,Final,R,824503
2026-06-17,COL,CHC,6,8,Final,R,824668
2026-06-17,TOR,BOS,3,0,Final,R,824746
2026-06-17,SF,ATL,7,5,Final,R,824913
2026-06-17,PIT,ATH,12,4,Final,R,824992
2026-06-17,LAA,AZ,1,8,Final,R,825072
2026-06-18,MIN,TEX,9,3,Final,R,822889
2026-06-18,BAL,SEA,0,3,Final,R,823125
2026-06-18,NYM,PHI,6,4,Final,R,823448
2026-06-18,CWS,NYY,5,1,Final,R,823533
2026-06-18,CLE,MIL,4,2,Final,R,823772
2026-06-18,STL,KC,6,14,Final,R,824098
2026-06-18,TOR,BOS,4,3,Final,R,824748
2026-06-18,LAA,ATH,0,5,Final,R,824989
2026-06-19,SD,TEX,7,9,Final,R,822886
2026-06-19,WSH,TB,2,5,Final,R,822966
2026-06-19,BOS,SEA,6,2,Final,R,823124
2026-06-19,CIN,NYY,0,5,Final,R,823534
2026-06-19,SF,MIA,3,4,Final,R,823853
2026-06-19,BAL,LAD,5,6,Final,R,823936
2026-06-19,STL,KC,5,6,Final,R,824097
2026-06-19,CLE,HOU,3,9,Final,R,824179
2026-06-19,CWS,DET,3,4,Final,R,824264
2026-06-19,PIT,COL,3,4,Final,R,824345
2026-06-19,TOR,CHC,2,16,Final,R,824663
2026-06-19,MIL,ATL,2,3,Final,R,824910
2026-06-19,LAA,ATH,11,12,Final,R,824990
2026-06-19,MIN,AZ,5,9,Final,R,825069
2026-06-20,SD,TEX,6,4,Final,R,822885
2026-06-20,WSH,TB,4,3,Final,R,822967
2026-06-20,BOS,SEA,5,1,Final,R,823126
2026-06-20,NYM,PHI,3,15,Final,R,823447
2026-06-20,CIN,NYY,10,2,Final,R,823532
2026-06-20,SF,MIA,3,6,Final,R,823854
2026-06-20,BAL,LAD,3,2,Final,R,823937
2026-06-20,CLE,HOU,8,1,Final,R,824180
2026-06-20,CWS,DET,1,4,Final,R,824263
2026-06-20,PIT,COL,1,2,Final,R,824342
2026-06-20,TOR,CHC,8,6,Final,R,824665
2026-06-20,MIL,ATL,3,4,Final,R,824909
2026-06-20,LAA,ATH,7,0,Final,R,824988
2026-06-20,MIN,AZ,16,8,Final,R,825068
2026-06-21,SD,TEX,3,4,Final,R,822883
2026-06-21,WSH,TB,3,4,Final,R,822968
2026-06-21,BOS,SEA,1,3,Final,R,823123
2026-06-21,NYM,PHI,2,6,Final,R,823449
2026-06-21,CIN,NYY,4,1,Final,R,823531
2026-06-21,SF,MIA,1,2,Final,R,823852
2026-06-21,BAL,LAD,12,1,Final,R,823934
2026-06-21,STL,KC,12,10,Final,R,824095
2026-06-21,CLE,HOU,1,2,Final,R,824177
2026-06-21,CWS,DET,4,5,Final,R,824260
2026-06-21,PIT,COL,8,6,Final,R,824343
2026-06-21,MIL,ATL,9,4,Final,R,824908
2026-06-21,LAA,ATH,9,7,Final,R,824987
2026-06-21,MIN,AZ,4,2,Final,R,825067
2026-06-22,PHI,WSH,1,4,Final,R,822720
2026-06-22,HOU,TOR,2,4,Final,R,822800
2026-06-22,KC,TB,2,1,Final,R,822964
2026-06-22,AZ,STL,2,3,Final,R,823040
2026-06-22,ATL,SD,0,1,Final,R,823288
2026-06-22,LAD,MIN,2,1,Final,R,823692
2026-06-22,TEX,MIA,4,3,Final,R,823851
2026-06-22,BAL,LAA,6,1,Final,R,824016
2026-06-22,NYY,DET,3,5,Final,R,824261
2026-06-22,BOS,COL,2,3,Final,R,824344
2026-06-22,MIL,CIN,2,1,Final,R,824502
2026-06-22,CLE,CWS,5,6,Final,R,824585
2026-06-23,PHI,WSH,14,9,Final,R,822718
2026-06-23,HOU,TOR,9,7,Final,R,822799
2026-06-23,KC,TB,12,5,Final,R,822963
2026-06-23,AZ,STL,4,3,Final,R,823043
2026-06-23,ATH,SF,1,3,Final,R,823210
2026-06-23,ATL,SD,6,7,Final,R,823286
2026-06-23,SEA,PIT,3,2,Final,R,823365
2026-06-23,CHC,NYM,9,6,Final,R,823614
2026-06-23,LAD,MIN,12,3,Final,R,823690
2026-06-23,TEX,MIA,4,6,Final,R,823849
2026-06-23,BAL,LAA,1,5,Final,R,824017
2026-06-23,NYY,DET,4,3,Final,R,824262
2026-06-23,BOS,COL,5,2,Final,R,824340
2026-06-23,MIL,CIN,2,0,Final,R,824501
2026-06-23,CLE,CWS,1,2,Final,R,824584
2026-06-24,PHI,WSH,5,4,Final,R,822719
2026-06-24,HOU,TOR,3,1,Final,R,822798
2026-06-24,KC,TB,3,5,Final,R,822965
2026-06-24,AZ,STL,9,4,Final,R,823041
2026-06-24,ATH,SF,1,2,Final,R,823208
2026-06-24,ATL,SD,2,5,Final,R,823284
2026-06-24,SEA,PIT,1,11,Final,R,823367
2026-06-24,CHC,NYM,10,5,Final,R,823611
2026-06-24,CHC,NYM,10,3,Final,R,823613
2026-06-24,LAD,MIN,4,3,Final,R,823691
2026-06-24,TEX,MIA,2,4,Final,R,823850
2026-06-24,BAL,LAA,6,7,Final,R,824018
2026-06-24,NYY,DET,4,2,Final,R,824259
2026-06-24,BOS,COL,6,8,Final,R,824341
2026-06-24,MIL,CIN,6,5,Final,R,824500
2026-06-24,CLE,CWS,4,3,Final,R,824583
2026-06-25,PHI,WSH,10,5,Final,R,822717
2026-06-25,TEX,TOR,6,5,Final,R,822797
2026-06-25,KC,TB,2,13,Final,R,822961
2026-06-25,ATH,SF,9,6,Final,R,823209
2026-06-25,SEA,PIT,1,5,Final,R,823366
2026-06-25,CHC,NYM,4,3,Final,R,823612
2026-06-25,HOU,DET,2,1,Final,R,824258
2026-06-25,NYY,BOS,3,6,Final,R,824747
2026-06-26,TEX,TOR,5,4,Final,R,822796
2026-06-26,AZ,TB,1,6,Final,R,822962
2026-06-26,MIA,STL,4,0,Final,R,823039
2026-06-26,ATL,SF,3,1,Final,R,823206
2026-06-26,LAD,SD,1,7,Final,R,823285
2026-06-26,CIN,PIT,6,4,Final,R,823363
2026-06-26,PHI,NYM,2,1,Final,R,823610
2026-06-26,COL,MIN,8,9,Final,R,823688
2026-06-26,CHC,MIL,2,6,Final,R,823773
2026-06-26,ATH,LAA,9,3,Final,R,824014
2026-06-26,HOU,DET,0,8,Final,R,824255
2026-06-26,SEA,CLE,3,1,Final,R,824423
2026-06-26,KC,CWS,1,22,Final,R,824582
2026-06-26,NYY,BOS,1,6,Final,R,824743
2026-06-26,WSH,BAL,1,3,Final,R,824824
2026-06-27,TEX,TOR,7,4,Final,R,822794
2026-06-27,AZ,TB,2,4,Final,R,822960
2026-06-27,MIA,STL,5,1,Final,R,823038
2026-06-27,ATL,SF,0,5,Final,R,823207
2026-06-27,LAD,SD,15,3,Final,R,823283
2026-06-27,CIN,PIT,9,7,Final,R,823364
2026-06-27,PHI,NYM,2,6,Final,R,823609
2026-06-27,COL,MIN,8,5,Final,R,823689
2026-06-27,CHC,MIL,8,2,Final,R,823770
2026-06-27,ATH,LAA,2,5,Final,R,824015
2026-06-27,HOU,DET,8,6,Final,R,824257
2026-06-27,SEA,CLE,3,4,Final,R,824421
2026-06-27,KC,CWS,1,2,Final,R,824581
2026-06-27,NYY,BOS,1,4,Final,R,824745
2026-06-27,WSH,BAL,4,3,Final,R,824825
2026-06-28,TEX,TOR,3,2,Final,R,822795
2026-06-28,AZ,TB,1,5,Final,R,822959
2026-06-28,MIA,STL,1,2,Final,R,823037
2026-06-28,ATL,SF,2,3,Final,R,823204
2026-06-28,LAD,SD,4,2,Final,R,823281
2026-06-28,CIN,PIT,4,9,Final,R,823362
2026-06-28,PHI,NYM,5,4,Final,R,823608
2026-06-28,COL,MIN,2,3,Final,R,823686
2026-06-28,CHC,MIL,4,3,Final,R,823769
2026-06-28,ATH,LAA,1,4,Final,R,824011
2026-06-28,HOU,DET,7,5,Final,R,824256
2026-06-28,SEA,CLE,5,6,Final,R,824422
2026-06-28,KC,CWS,5,4,Final,R,824580
2026-06-28,NYY,BOS,4,5,Final,R,824744
2026-06-28,WSH,BAL,6,4,Final,R,824821
2026-06-29,NYM,TOR,1,2,Final,R,822792
2026-06-29,LAA,SEA,2,6,Final,R,823121
2026-06-29,PIT,PHI,11,7,Final,R,823444
2026-06-29,DET,NYY,7,3,Final,R,823529
2026-06-29,CIN,MIL,3,5,Final,R,823771
2026-06-29,MIN,HOU,5,4,Final,R,824176
2026-06-29,MIA,COL,10,7,Final,R,824339
2026-06-29,TEX,CLE,6,3,Final,R,824420
2026-06-29,SD,CHC,2,3,Final,R,824662
2026-06-29,WSH,BOS,3,6,Final,R,824741
2026-06-29,CWS,BAL,8,2,Final,R,824822
2026-06-29,LAD,ATH,9,4,Final,R,824986
2026-06-29,SF,AZ,4,5,Final,R,825065
2026-06-30,NYM,TOR,3,0,Final,R,822793
2026-06-30,LAA,SEA,3,8,Final,R,823122
2026-06-30,PIT,PHI,0,8,Final,R,823445
2026-06-30,DET,NYY,9,3,Final,R,823528
2026-06-30,CIN,MIL,2,7,Final,R,823768
2026-06-30,TB,KC,10,4,Final,R,824096
2026-06-30,MIN,HOU,4,6,Final,R,824175
2026-06-30,MIA,COL,14,3,Final,R,824338
2026-06-30,TEX,CLE,4,2,Final,R,824418
2026-06-30,SD,CHC,7,9,Final,R,824661
2026-06-30,WSH,BOS,8,1,Final,R,824742
2026-06-30,CWS,BAL,9,3,Final,R,824819
2026-06-30,STL,ATL,5,3,Final,R,824907
2026-06-30,LAD,ATH,9,3,Final,R,824984
2026-06-30,SF,AZ,2,8,Final,R,825066
2026-07-01,NYM,TOR,3,9,Final,R,822791
2026-07-01,PIT,PHI,6,10,Final,R,823446
2026-07-01,DET,NYY,6,2,Final,R,823530
2026-07-01,CIN,MIL,2,4,Final,R,823767
2026-07-01,TB,KC,4,0,Final,R,824094
2026-07-01,MIN,HOU,8,3,Final,R,824174
2026-07-01,MIA,COL,3,6,Final,R,824337
2026-07-01,TEX,CLE,4,9,Final,R,824419
2026-07-01,SD,CHC,3,23,Final,R,824660
2026-07-01,WSH,BOS,10,2,Final,R,824740
2026-07-01,CWS,BAL,1,6,Final,R,824818
2026-07-01,STL,ATL,1,5,Final,R,824905
2026-07-01,LAD,ATH,1,7,Final,R,824985
2026-07-01,SF,AZ,6,4,Final,R,825064
2026-07-02,DET,TEX,4,10,Final,R,822884
2026-07-02,LAA,SEA,0,1,Final,R,823119
2026-07-02,PIT,PHI,6,1,Final,R,823442
2026-07-02,CIN,MIL,7,2,Final,R,823765
2026-07-02,SD,LAD,7,12,Final,R,823935
2026-07-02,TB,KC,5,2,Final,R,824093
2026-07-02,MIA,COL,4,14,Final,R,824335
2026-07-02,CWS,CLE,5,6,Final,R,824416
2026-07-02,STL,ATL,11,5,Final,R,824906
2026-07-03,PIT,WSH,5,9,Final,R,822714
2026-07-03,TOR,SEA,2,0,Final,R,823120
2026-07-03,MIN,NYY,2,5,Final,R,823527
2026-07-03,SD,LAD,3,4,Final,R,823933
2026-07-03,BOS,LAA,5,2,Final,R,824013
2026-07-03,TB,HOU,3,1,Final,R,824173
2026-07-03,SF,COL,3,15,Final,R,824336
2026-07-03,CWS,CLE,3,4,Final,R,824417
2026-07-03,BAL,CIN,3,0,Final,R,824498
2026-07-03,STL,CHC,17,1,Final,R,824659
2026-07-03,NYM,ATL,3,5,Final,R,824904
2026-07-03,MIA,ATH,12,5,Final,R,824982
2026-07-03,MIL,AZ,7,4,Final,R,825062
2026-07-04,PIT,WSH,7,1,Final,R,822716
2026-07-04,DET,TEX,3,0,Final,R,822882
2026-07-04,TOR,SEA,0,11,Final,R,823118
2026-07-04,MIN,NYY,11,4,Final,R,823526
2026-07-04,SD,LAD,0,3,Final,R,823932
2026-07-04,BOS,LAA,8,1,Final,R,824012
2026-07-04,PHI,KC,6,1,Final,R,824092
2026-07-04,TB,HOU,8,10,Final,R,824171
2026-07-04,SF,COL,6,4,Final,R,824334
2026-07-04,CWS,CLE,3,1,Final,R,824415
2026-07-04,BAL,CIN,8,5,Final,R,824499
2026-07-04,STL,CHC,3,0,Final,R,824658
2026-07-04,NYM,ATL,3,14,Final,R,824903
2026-07-04,MIA,ATH,7,2,Final,R,824983
2026-07-04,MIL,AZ,3,4,Final,R,825063
2026-07-05,PIT,WSH,11,5,Final,R,822715
2026-07-05,DET,TEX,6,3,Final,R,822879
2026-07-05,TOR,SEA,0,4,Final,R,823117
2026-07-05,MIN,NYY,6,1,Final,R,823525
2026-07-05,SD,LAD,5,2,Final,R,823931
2026-07-05,BOS,LAA,7,5,Final,R,824010
2026-07-05,PHI,KC,2,5,Final,R,824091
2026-07-05,TB,HOU,0,2,Final,R,824172
2026-07-05,SF,COL,6,7,Final,R,824333
2026-07-05,CWS,CLE,7,6,Final,R,824413
2026-07-05,BAL,CIN,2,3,Final,R,824497
2026-07-05,STL,CHC,4,6,Final,R,824656
2026-07-05,NYM,ATL,10,9,Final,R,824902
2026-07-05,MIA,ATH,9,8,Final,R,824980
2026-07-05,MIL,AZ,3,2,Final,R,825061
2026-07-06,HOU,WSH,11,12,Final,R,822712
2026-07-06,NYY,TB,5,1,Final,R,822958
2026-07-06,MIL,STL,4,3,Final,R,823036
2026-07-06,TOR,SF,1,10,Final,R,823205
2026-07-06,AZ,SD,8,0,Final,R,823282
2026-07-06,COL,LAD,7,8,Final,R,823930
2026-07-06,PHI,KC,1,15,Final,R,824089
2026-07-06,NYM,ATL,7,6,Final,R,824900
2026-07-07,HOU,WSH,6,3,Final,R,822713
2026-07-07,LAA,TEX,3,8,Final,R,822881
2026-07-07,NYY,TB,4,6,Final,R,822956
2026-07-07,MIL,STL,10,2,Final,R,823035
2026-07-07,MIL,STL,4,3,Final,R,823062
2026-07-07,TOR,SF,9,3,Final,R,823203
2026-07-07,AZ,SD,1,4,Final,R,823280
2026-07-07,ATL,PIT,4,12,Final,R,823361
2026-07-07,KC,NYM,16,12,Final,R,823607
2026-07-07,CLE,MIN,1,3,Final,R,823687
2026-07-07,SEA,MIA,5,6,Final,R,823847
2026-07-07,COL,LAD,4,3,Final,R,823929
2026-07-07,ATH,DET,2,6,Final,R,824254
2026-07-07,PHI,CIN,4,1,Final,R,824495
2026-07-07,BOS,CWS,8,1,Final,R,824579
2026-07-07,CHC,BAL,5,2,Final,R,824820
2026-07-08,HOU,WSH,2,8,Final,R,822710
2026-07-08,LAA,TEX,13,1,Final,R,822880
2026-07-08,NYY,TB,0,3,Final,R,822957
2026-07-08,MIL,STL,1,5,Final,R,823032
2026-07-08,TOR,SF,10,0,Final,R,823202
2026-07-08,AZ,SD,4,10,Final,R,823279
2026-07-08,ATL,PIT,3,0,Final,R,823360
2026-07-08,KC,NYM,2,6,Final,R,823605
2026-07-08,CLE,MIN,5,6,Final,R,823684
2026-07-08,SEA,MIA,0,2,Final,R,823848
2026-07-08,COL,LAD,3,4,Final,R,823928
2026-07-08,ATH,DET,1,6,Final,R,824253
2026-07-08,PHI,CIN,5,11,Final,R,824496
2026-07-08,BOS,CWS,5,0,Final,R,824578
2026-07-08,CHC,BAL,9,7,Final,R,824815
2026-07-09,LAA,TEX,6,7,Final,R,822877
2026-07-09,NYY,TB,12,4,Final,R,822954
2026-07-09,MIL,STL,8,4,Final,R,823034
2026-07-09,COL,SF,2,8,Final,R,823201
2026-07-09,AZ,SD,3,1,Final,R,823277
2026-07-09,ATL,PIT,10,5,Final,R,823359
2026-07-09,KC,NYM,3,7,Final,R,823606
2026-07-09,CLE,MIN,5,2,Final,R,823683
2026-07-09,SEA,MIA,4,8,Final,R,823846
2026-07-09,ATH,DET,1,4,Final,R,824251
2026-07-09,PHI,CIN,1,0,Final,R,824494
2026-07-09,BOS,CWS,2,1,Final,R,824577
2026-07-09,CHC,BAL,2,3,Final,R,824816
2026-07-10,NYY,WSH,5,3,Final,R,822709
2026-07-10,HOU,TEX,3,7,Final,R,822878
2026-07-10,SEA,TB,2,7,Final,R,822955
2026-07-10,ATL,STL,1,2,Final,R,823033
2026-07-10,COL,SF,4,3,Final,R,823200
2026-07-10,TOR,SD,5,3,Final,R,823278
2026-07-10,BOS,NYM,6,2,Final,R,823604
2026-07-10,LAA,MIN,4,3,Final,R,823685
2026-07-10,CLE,MIA,3,2,Final,R,823845
2026-07-10,AZ,LAD,9,3,Final,R,823927
2026-07-10,PHI,DET,2,10,Final,R,824252
2026-07-10,CHC,CIN,0,4,Final,R,824493
2026-07-10,ATH,CWS,1,14,Final,R,824575
2026-07-10,KC,BAL,3,5,Final,R,824817
2026-07-11,NYY,WSH,4,2,Final,R,822711
2026-07-11,HOU,TEX,9,3,Final,R,822875
2026-07-11,SEA,TB,1,6,Final,R,822953
2026-07-11,ATL,STL,1,4,Final,R,823030
2026-07-11,COL,SF,2,4,Final,R,823198
2026-07-11,TOR,SD,7,8,Final,R,823276
2026-07-11,MIL,PIT,2,3,Final,R,823356
2026-07-11,MIL,PIT,6,7,Final,R,823357
2026-07-11,BOS,NYM,4,0,Final,R,823603
2026-07-11,LAA,MIN,3,5,Final,R,823682
2026-07-11,CLE,MIA,4,1,Final,R,823844
2026-07-11,AZ,LAD,9,2,Final,R,823926
2026-07-11,PHI,DET,4,2,Final,R,824249
2026-07-11,CHC,CIN,5,3,Final,R,824492
2026-07-11,ATH,CWS,0,1,Final,R,824576
2026-07-11,KC,BAL,1,6,Final,R,824813
2026-07-12,NYY,WSH,5,3,Final,R,822708
2026-07-12,HOU,TEX,5,6,Final,R,822876
2026-07-12,SEA,TB,8,2,Final,R,822951
2026-07-12,ATL,STL,4,3,Final,R,823029
2026-07-12,COL,SF,1,3,Final,R,823199
2026-07-12,TOR,SD,4,5,Final,R,823274
2026-07-12,MIL,PIT,5,14,Final,R,823358
2026-07-12,BOS,NYM,3,2,Final,R,823602
2026-07-12,LAA,MIN,2,4,Final,R,823681
2026-07-12,CLE,MIA,5,2,Final,R,823842
2026-07-12,AZ,LAD,5,3,Final,R,823925
2026-07-12,PHI,DET,5,0,Final,R,824250
2026-07-12,CHC,CIN,8,4,Final,R,824491
2026-07-12,ATH,CWS,1,9,Final,R,824574
2026-07-12,KC,BAL,2,8,Final,R,824814
2026-07-16,NYM,PHI,4,1,Final,R,823440
2026-07-17,CWS,TOR,12,4,Final,R,822789
2026-07-17,SF,SEA,7,0,Final,R,823115
2026-07-17,LAD,NYY,2,1,Final,R,823524
2026-07-17,MIA,MIL,1,2,Final,R,823766
2026-07-17,DET,LAA,2,1,Final,R,824009
2026-07-17,SD,KC,6,7,Final,R,824090
2026-07-17,BAL,HOU,3,2,Final,R,824170
2026-07-17,CIN,COL,7,2,Final,R,824332
2026-07-17,MIN,CHC,5,2,Final,R,824655
2026-07-17,TB,BOS,3,5,Final,R,824737
2026-07-17,TB,BOS,0,10,Final,R,824766
2026-07-17,TEX,ATL,1,15,Final,R,824901
2026-07-17,WSH,ATH,23,4,Final,R,824981
2026-07-17,STL,AZ,5,4,Final,R,825060
2026-07-18,CWS,TOR,0,1,Final,R,822790
2026-07-18,SF,SEA,3,4,Final,R,823116
2026-07-18,NYM,PHI,1,6,Final,R,823441
2026-07-18,MIA,MIL,6,8,Final,R,823763
2026-07-18,DET,LAA,7,0,Final,R,824008
2026-07-18,SD,KC,1,6,Final,R,824088
2026-07-18,BAL,HOU,4,2,Final,R,824169
2026-07-18,CIN,COL,3,10,Final,R,824331
2026-07-18,PIT,CLE,3,5,Final,R,824412
2026-07-18,PIT,CLE,7,1,Final,R,824414
2026-07-18,MIN,CHC,2,6,Final,R,824657
2026-07-18,TB,BOS,6,7,Final,R,824738
2026-07-18,TEX,ATL,7,6,Final,R,824899
2026-07-18,WSH,ATH,1,15,Final,R,824979
2026-07-18,STL,AZ,3,5,Final,R,825059
2026-07-19,CWS,TOR,3,0,Final,R,822786
2026-07-19,SF,SEA,3,6,Final,R,823113
2026-07-19,NYM,PHI,6,1,Final,R,823439
2026-07-19,LAD,NYY,1,2,Final,R,823521
2026-07-19,LAD,NYY,8,2,Final,R,823523
2026-07-19,MIA,MIL,1,3,Final,R,823764
2026-07-19,DET,LAA,2,3,Final,R,824007
2026-07-19,SD,KC,19,2,Final,R,824086
2026-07-19,BAL,HOU,5,2,Final,R,824168
2026-07-19,CIN,COL,9,6,Final,R,824330
2026-07-19,PIT,CLE,7,1,Final,R,824411
2026-07-19,MIN,CHC,1,10,Final,R,824653
2026-07-19,TB,BOS,1,6,Final,R,824739
2026-07-19,TEX,ATL,5,8,Final,R,824897
2026-07-19,WSH,ATH,5,2,Final,R,824978
2026-07-19,STL,AZ,7,8,Final,R,825057
2026-07-20,TB,TOR,7,1,Final,R,822788
2026-07-20,CWS,TEX,10,3,Final,R,822874
2026-07-20,CIN,SEA,0,8,Final,R,823112
2026-07-20,LAD,PHI,7,10,Final,R,823436
2026-07-20,PIT,NYY,5,8,Final,R,823522
2026-07-20,NYM,MIL,3,8,Final,R,823762
2026-07-20,STL,LAA,2,3,Final,R,824006
2026-07-20,SF,KC,3,4,Final,R,824087
2026-07-20,MIA,HOU,5,8,Final,R,824167
2026-07-20,WSH,COL,7,3,Final,R,824328
2026-07-20,MIN,CLE,4,13,Final,R,824410
2026-07-20,DET,CHC,8,6,Final,R,824654
2026-07-20,BAL,BOS,5,6,Final,R,824736
2026-07-20,SD,ATL,2,3,Final,R,824898
2026-07-20,ATH,AZ,5,2,Final,R,825058
2026-07-21,TB,TOR,12,2,Final,R,822787
2026-07-21,CWS,TEX,0,10,Final,R,822871
2026-07-21,CIN,SEA,4,2,Final,R,823114
2026-07-21,LAD,PHI,2,1,Final,R,823437
2026-07-21,NYM,MIL,4,0,Final,R,823760
2026-07-21,STL,LAA,1,5,Final,R,824005
2026-07-21,SF,KC,2,3,Final,R,824085
2026-07-21,MIA,HOU,3,5,Final,R,824165
2026-07-21,WSH,COL,7,8,Final,R,824329
2026-07-21,MIN,CLE,2,5,Final,R,824409
2026-07-21,DET,CHC,2,11,Final,R,824652
2026-07-21,SD,ATL,8,3,Final,R,824895
2026-07-21,ATH,AZ,5,6,Final,R,825056
2026-07-22,TB,TOR,4,2,Final,R,822784
2026-07-22,CWS,TEX,4,2,Final,R,822873
2026-07-22,CIN,SEA,5,3,Final,R,823110
2026-07-22,LAD,PHI,9,5,Final,R,823438
2026-07-22,PIT,NYY,5,3,Final,R,823518
2026-07-22,PIT,NYY,0,2,Final,R,823519
2026-07-22,NYM,MIL,3,4,Final,R,823761
2026-07-22,STL,LAA,1,0,Final,R,824004
2026-07-22,SF,KC,4,5,Final,R,824083
2026-07-22,MIA,HOU,2,5,Final,R,824166
2026-07-22,WSH,COL,8,0,Final,R,824327
2026-07-22,MIN,CLE,10,6,Final,R,824408
2026-07-22,DET,CHC,5,1,Final,R,824650
2026-07-22,BAL,BOS,5,1,Final,R,824732
2026-07-22,BAL,BOS,3,6,Final,R,824735
2026-07-22,SD,ATL,6,7,Final,R,824896
2026-07-22,ATH,AZ,5,15,Final,R,825055
2026-07-23,TB,TOR,1,3,Final,R,822785
2026-07-23,AZ,STL,10,6,Final,R,823042
2026-07-23,KC,DET,3,4,Final,R,824247
2026-07-23,MIN,CLE,3,1,Final,R,824406
2026-07-23,SD,ATL,5,6,Final,R,824893
2026-07-24,AZ,WSH,3,2,Final,R,822707
2026-07-24,SEA,TEX,4,5,Final,R,822872
2026-07-24,CLE,TB,3,11,Final,R,822952
2026-07-24,CIN,STL,4,2,Final,R,823031
2026-07-24,LAA,SF,6,7,Final,R,823196
2026-07-24,CHC,PIT,3,2,Final,R,823352
2026-07-24,NYY,PHI,1,0,Final,R,823434
2026-07-24,LAD,NYM,4,2,Final,R,823601
2026-07-24,ATH,MIN,2,0,Final,R,823680
2026-07-24,COL,MIL,5,2,Final,R,823759
2026-07-24,SD,MIA,4,2,Final,R,823843
2026-07-24,KC,DET,1,2,Final,R,824248
2026-07-24,HOU,CWS,9,5,Final,R,824573
2026-07-24,TOR,BOS,4,6,Final,R,824733
2026-07-24,ATL,BAL,7,6,Final,R,824812
2026-07-25,AZ,WSH,3,5,Final,R,822704
2026-07-25,SEA,TEX,1,7,Final,R,822869
2026-07-25,CLE,TB,0,3,Final,R,822948
2026-07-25,CIN,STL,0,7,Final,R,823027
2026-07-25,LAA,SF,2,9,Final,R,823197
2026-07-25,CHC,PIT,11,0,Final,R,823355
2026-07-25,NYY,PHI,3,1,Final,R,823435
2026-07-25,LAD,NYM,4,3,Final,R,823600
2026-07-25,ATH,MIN,0,2,Final,R,823679
2026-07-25,COL,MIL,5,8,Final,R,823758
2026-07-25,SD,MIA,7,2,Final,R,823841
2026-07-25,KC,DET,3,2,Final,R,824244
2026-07-25,HOU,CWS,4,1,Final,R,824571
2026-07-25,TOR,BOS,6,0,Final,R,824734
2026-07-25,ATL,BAL,2,3,Final,R,824811
2026-07-26,AZ,WSH,7,10,Final,R,822706
2026-07-26,SEA,TEX,6,4,Final,R,822870
2026-07-26,CLE,TB,0,1,Final,R,822950
2026-07-26,CIN,STL,5,3,Final,R,823028
2026-07-26,LAA,SF,4,3,Final,R,823194
2026-07-26,CHC,PIT,7,8,Final,R,823354
2026-07-26,NYY,PHI,4,11,Final,R,823433
2026-07-26,LAD,NYM,3,8,Final,R,823599
2026-07-26,ATH,MIN,8,11,Final,R,823678
2026-07-26,COL,MIL,2,11,Final,R,823755
2026-07-26,SD,MIA,5,3,Final,R,823840
2026-07-26,KC,DET,5,4,Final,R,824246
2026-07-26,HOU,CWS,3,12,Final,R,824572
2026-07-26,TOR,BOS,1,6,Final,R,824730
2026-07-26,ATL,BAL,3,2,Final,R,824810
2026-07-27,TOR,WSH,3,2,Final,R,822705
2026-07-27,SEA,TEX,3,7,Final,R,822868
2026-07-27,CHC,STL,7,3,Final,R,823025
2026-07-27,MIL,SF,0,3,Final,R,823195
2026-07-27,AZ,PIT,2,3,Final,R,823353
2026-07-27,ATL,NYM,3,14,Final,R,823597
2026-07-27,PHI,MIA,7,8,Final,R,823839
2026-07-27,HOU,LAA,6,4,Final,R,824001
2026-07-27,BAL,DET,8,5,Final,R,824245
2026-07-27,NYY,CWS,9,5,Final,R,824570
2026-07-27,BOS,ATH,4,2,Final,R,824977
2026-07-28,TOR,WSH,6,8,Final,R,822703
2026-07-28,TEX,TB,4,1,Final,R,822949
2026-07-28,CHC,STL,10,2,Final,R,823026
2026-07-28,MIL,SF,8,2,Final,R,823193
2026-07-28,COL,SD,7,8,Final,R,823275
2026-07-28,AZ,PIT,8,7,Final,R,823350
2026-07-28,KC,MIN,2,3,Final,R,823676
2026-07-28,PHI,MIA,0,1,Final,R,823838
2026-07-28,SEA,LAD,7,6,Final,R,823923
2026-07-28,HOU,LAA,3,2,Final,R,824003
2026-07-28,BAL,DET,0,14,Final,R,824243
2026-07-28,CLE,CIN,0,2,Final,R,824489
2026-07-28,CLE,CIN,6,5,Final,R,824490
2026-07-28,NYY,CWS,3,2,Final,R,824569
2026-07-28,BOS,ATH,3,4,Final,R,824976
2026-07-29,TOR,WSH,5,2,Final,R,822702
2026-07-29,TEX,TB,0,3,Final,R,822947
2026-07-29,CHC,STL,2,3,Final,R,823022
2026-07-29,MIL,SF,3,16,Final,R,823192
2026-07-29,COL,SD,1,3,Final,R,823273
2026-07-29,AZ,PIT,3,0,Final,R,823351
2026-07-29,ATL,NYM,2,3,Final,R,823596
2026-07-29,ATL,NYM,1,0,Final,R,823598
2026-07-29,KC,MIN,4,0,Final,R,823677
2026-07-29,PHI,MIA,6,8,Final,R,823837
2026-07-29,SEA,LAD,2,4,Final,R,823924
2026-07-29,HOU,LAA,7,4,Final,R,824002
2026-07-29,BAL,DET,10,9,Final,R,824242
2026-07-29,CLE,CIN,6,1,Final,R,824487
2026-07-29,NYY,CWS,5,6,Final,R,824567
2026-07-29,BOS,ATH,4,2,Final,R,824973
2026-07-30,TEX,TB,2,3,Final,R,822946
2026-07-30,CHC,STL,4,2,Final,R,823023
2026-07-30,SF,SD,4,1,Final,R,823271
2026-07-30,MIA,NYM,2,4,Final,R,823595
2026-07-30,KC,MIN,3,4,Final,R,823674
2026-07-30,SEA,LAD,2,6,Final,R,823921
2026-07-30,PIT,CIN,2,3,Final,R,824488
2026-07-30,NYY,CWS,1,2,Final,R,824568
2026-07-30,WSH,ATL,4,5,Final,R,824894
2026-07-30,BOS,ATH,5,4,Final,R,824974
2026-07-31,STL,TOR,1,3,Final,R,822782
2026-07-31,CWS,TB,6,1,Final,R,822945
2026-07-31,MIN,SEA,5,3,Final,R,823111
2026-07-31,SF,SD,0,7,Final,R,823272
2026-07-31,MIA,NYM,5,2,Final,R,823593
2026-07-31,BOS,LAD,9,4,Final,R,823922
2026-07-31,MIL,LAA,6,2,Final,R,823999
2026-07-31,TEX,HOU,2,11,Final,R,824164
2026-07-31,KC,COL,1,3,Final,R,824325
2026-07-31,AZ,CLE,4,1,Final,R,824407
2026-07-31,PIT,CIN,7,8,Final,R,824486
2026-07-31,NYY,CHC,2,0,Final,R,824651
2026-07-31,PHI,BAL,4,6,Final,R,824809
2026-07-31,WSH,ATL,2,6,Final,R,824892
2026-07-31,DET,ATH,13,1,Final,R,824975
2026-08-01,STL,TOR,1,5,Final,R,822781
2026-08-01,CWS,TB,0,1,Final,R,822944
2026-08-01,MIN,SEA,3,4,Final,R,823109
2026-08-01,SF,SD,5,6,Final,R,823269
2026-08-01,MIA,NYM,6,2,Final,R,823594
2026-08-01,BOS,LAD,3,2,Final,R,823920
2026-08-01,MIL,LAA,3,1,Final,R,824000
2026-08-01,TEX,HOU,4,5,Final,R,824162
2026-08-01,KC,COL,6,12,Final,R,824326
2026-08-01,AZ,CLE,12,8,Final,R,824405
2026-08-01,PIT,CIN,4,1,Final,R,824485
2026-08-01,NYY,CHC,2,5,Final,R,824649
2026-08-01,PHI,BAL,5,0,Final,R,824808
2026-08-01,WSH,ATL,3,8,Final,R,824890
2026-08-01,DET,ATH,8,6,Final,R,824972
2026-08-02,STL,TOR,5,1,Final,R,822783
2026-08-02,CWS,TB,9,1,Final,R,822943
2026-08-02,MIN,SEA,6,7,Final,R,823107
2026-08-02,SF,SD,4,5,Final,R,823270
2026-08-02,MIA,NYM,2,0,Final,R,823592
2026-08-02,BOS,LAD,8,4,Final,R,823919
2026-08-02,MIL,LAA,0,3,Final,R,823996
2026-08-02,TEX,HOU,3,7,Final,R,824163
2026-08-02,KC,COL,1,8,Final,R,824323
2026-08-02,AZ,CLE,0,5,Final,R,824404
2026-08-02,PIT,CIN,2,10,Final,R,824483
2026-08-02,NYY,CHC,2,1,Final,R,824648
2026-08-02,PHI,BAL,8,0,Completed Early,R,824807
2026-08-02,WSH,ATL,2,4,Final,R,824891
2026-08-02,DET,ATH,11,0,Final,R,824971
2026-08-03,SF,TEX,5,1,Final,R,822867
2026-08-03,WSH,PHI,3,6,Final,R,823431
2026-08-03,STL,NYY,13,7,Final,R,823520
2026-08-03,PIT,MIL,4,3,Final,R,823757
2026-08-03,TOR,HOU,3,1,Final,R,824160
2026-08-03,TB,COL,13,9,Final,R,824324
2026-08-03,LAD,CHC,5,10,Final,R,824647
2026-08-03,SD,AZ,1,5,Final,R,825095
2026-08-04,SF,TEX,4,5,Final,R,822865
2026-08-04,DET,SEA,8,0,Final,R,823108
2026-08-04,WSH,PHI,0,5,Final,R,823432
2026-08-04,STL,NYY,0,2,Final,R,823517
2026-08-04,PIT,MIL,2,4,Final,R,823756
2026-08-04,MIN,KC,2,8,Final,R,824084
2026-08-04,TOR,HOU,2,7,Final,R,824161
2026-08-04,TB,COL,9,7,Final,R,824321
2026-08-04,NYM,CLE,6,2,Final,R,824403
2026-08-04,ATH,CIN,4,5,Final,R,824484
2026-08-04,LAD,CHC,1,5,Final,R,824645
2026-08-04,CWS,BOS,2,14,Final,R,824731
2026-08-04,LAA,BAL,1,3,Final,R,824805
2026-08-04,MIA,ATL,2,4,Final,R,824888
2026-08-04,SD,AZ,9,4,Final,R,825054
2026-08-05,SF,TEX,0,6,Final,R,822866
2026-08-05,DET,SEA,2,4,Final,R,823106
2026-08-05,WSH,PHI,10,4,Final,R,823429
2026-08-05,STL,NYY,3,1,Final,R,823516
2026-08-05,PIT,MIL,2,4,Final,R,823753
2026-08-05,MIN,KC,1,2,Final,R,824082
2026-08-05,TOR,HOU,5,4,Final,R,824158
2026-08-05,TB,COL,4,0,Final,R,824322
2026-08-05,NYM,CLE,6,5,Final,R,824402
2026-08-05,ATH,CIN,2,3,Final,R,824482
2026-08-05,LAD,CHC,6,7,Final,R,824646
2026-08-05,CWS,BOS,0,4,Final,R,824728
2026-08-05,LAA,BAL,2,5,Final,R,824806
2026-08-05,MIA,ATL,1,4,Final,R,824889
2026-08-05,SD,AZ,4,10,Final,R,825052
2026-08-06,DET,SEA,11,0,Final,R,823105
2026-08-06,WSH,PHI,3,7,Final,R,823430
2026-08-06,PIT,MIL,2,5,Final,R,823754
2026-08-06,MIN,KC,4,3,Final,R,824080
2026-08-06,NYM,CLE,13,6,Final,R,824401
2026-08-06,ATH,CIN,5,6,Final,R,824481
2026-08-06,TOR,CHC,2,3,Final,R,824664
2026-08-06,CWS,BOS,11,12,Final,R,824729
2026-08-06,LAA,BAL,4,1,Final,R,824804
2026-08-06,MIA,ATL,3,11,Final,R,824885
2026-08-06,SD,AZ,5,1,Final,R,825053
2026-08-07,CIN,WSH,3,5,Final,R,822699
2026-08-07,BAL,TEX,1,2,Final,R,822863
2026-08-07,COL,STL,2,3,Final,R,823024
2026-08-07,TB,SEA,2,1,Final,R,823103
2026-08-07,DET,SF,2,5,Final,R,823191
2026-08-07,HOU,SD,6,3,Final,R,823266
2026-08-07,NYM,PIT,6,4,Final,R,823349
2026-08-07,TOR,PHI,5,4,Final,R,823428
2026-08-07,ATL,NYY,2,3,Final,R,823515
2026-08-07,MIN,MIL,8,6,Final,R,823750
2026-08-07,LAA,MIA,4,3,Final,R,823836
2026-08-07,CHC,KC,6,4,Final,R,824081
2026-08-07,CLE,CWS,8,2,Final,R,824566
2026-08-07,ATH,BOS,1,13,Final,R,824727
2026-08-07,LAD,AZ,3,4,Final,R,825051
2026-08-08,CIN,WSH,2,8,Final,R,822701
2026-08-08,BAL,TEX,1,5,Final,R,822864
2026-08-08,COL,STL,8,6,Final,R,823021
2026-08-08,TB,SEA,3,2,Final,R,823102
2026-08-08,DET,SF,8,0,Final,R,823188
2026-08-08,HOU,SD,2,3,Final,R,823267
2026-08-08,NYM,PIT,0,9,Final,R,823348
2026-08-08,TOR,PHI,7,5,Final,R,823426
2026-08-08,ATL,NYY,4,5,Final,R,823514
2026-08-08,MIN,MIL,3,4,Final,R,823752
2026-08-08,LAA,MIA,0,7,Final,R,823834
2026-08-08,CHC,KC,3,6,Final,R,824079
2026-08-08,CLE,CWS,3,6,Final,R,824565
2026-08-08,ATH,BOS,7,3,Final,R,824726
2026-08-08,LAD,AZ,2,1,Final,R,825049
2026-08-09,CIN,WSH,1,7,Final,R,822700
2026-08-09,BAL,TEX,10,5,Final,R,822862
2026-08-09,COL,STL,4,7,Final,R,823020
2026-08-09,TB,SEA,4,1,Final,R,823104
2026-08-09,DET,SF,3,1,Final,R,823190
2026-08-09,HOU,SD,2,7,Final,R,823268
2026-08-09,NYM,PIT,11,1,Final,R,823345
2026-08-09,TOR,PHI,6,7,Final,R,823425
2026-08-09,ATL,NYY,2,1,Final,R,823513
2026-08-09,MIN,MIL,3,4,Final,R,823751
2026-08-09,LAA,MIA,3,12,Final,R,823835
2026-08-09,CHC,KC,10,2,Final,R,824078
2026-08-09,CLE,CWS,3,5,Final,R,824564
2026-08-09,ATH,BOS,4,3,Final,R,824724
2026-08-09,LAD,AZ,2,4,Final,R,825050
2026-08-10,BOS,TOR,1,2,Final,R,822780
2026-08-10,PHI,STL,6,5,Final,R,823018
2026-08-10,HOU,SF,6,3,Final,R,823189
2026-08-10,MIL,SD,2,3,Final,R,823265
2026-08-10,BAL,MIN,5,9,Final,R,823675
2026-08-10,KC,LAD,5,6,Final,R,823918
2026-08-10,TEX,LAA,4,1,Final,R,823998
2026-08-10,NYM,ATL,8,5,Final,R,824887
2026-08-10,TB,ATH,10,6,Final,R,824969
2026-08-10,COL,AZ,0,9,Final,R,825048
2026-08-11,CHC,WSH,8,6,Final,R,822697
2026-08-11,BOS,TOR,3,5,Final,R,822778
2026-08-11,PHI,STL,0,2,Final,R,823019
2026-08-11,HOU,SF,1,4,Final,R,823186
2026-08-11,MIL,SD,2,11,Final,R,823264
2026-08-11,SEA,NYY,1,4,Final,R,823512
2026-08-11,BAL,MIN,5,2,Final,R,823673
2026-08-11,PIT,MIA,0,2,Final,R,823832
2026-08-11,KC,LAD,4,5,Final,R,823917
2026-08-11,TEX,LAA,2,3,Final,R,823997
2026-08-11,CLE,DET,4,6,Final,R,824240
2026-08-11,CIN,CWS,5,4,Final,R,824563
2026-08-11,NYM,ATL,0,4,Final,R,824886
2026-08-11,TB,ATH,12,4,Final,R,824970
2026-08-11,COL,AZ,3,2,Final,R,825046
2026-08-12,CHC,WSH,12,6,Final,R,822698
2026-08-12,BOS,TOR,4,6,Final,R,822779
2026-08-12,PHI,STL,1,7,Final,R,823017
2026-08-12,HOU,SF,2,1,Final,R,823187
2026-08-12,MIL,SD,3,4,Final,R,823263
2026-08-12,SEA,NYY,5,10,Final,R,823511
2026-08-12,BAL,MIN,5,7,Final,R,823672
2026-08-12,PIT,MIA,2,8,Final,R,823833
2026-08-12,KC,LAD,2,4,Final,R,823916
2026-08-12,TEX,LAA,2,5,Final,R,823994
2026-08-12,CLE,DET,6,4,Final,R,824241
2026-08-12,CIN,CWS,0,5,Final,R,824562
2026-08-12,NYM,ATL,3,6,Final,R,824883
2026-08-12,TB,ATH,8,4,Final,R,824967
2026-08-12,COL,AZ,6,4,Final,R,825047
2026-08-13,CHC,WSH,0,7,Final,R,822696
2026-08-13,BOS,TOR,7,0,Final,R,822776
2026-08-13,SEA,NYY,1,0,Final,R,823508
2026-08-13,PHI,MIN,7,1,Final,R,823669
2026-08-13,PIT,MIA,13,1,Final,R,823829
2026-08-13,MIL,LAD,5,4,Final,R,823915
2026-08-13,TEX,LAA,0,7,Final,R,823995
2026-08-13,CLE,DET,0,3,Final,R,824238
2026-08-13,CIN,CWS,9,8,Final,R,824561
2026-08-14,NYY,TOR,1,3,Final,R,822777
2026-08-14,BAL,TB,6,5,Final,R,822942
2026-08-14,COL,SF,5,2,Final,R,823185
2026-08-14,BOS,PIT,4,8,Final,R,823346
2026-08-14,WSH,NYM,1,4,Final,R,823591
2026-08-14,MIL,LAD,1,3,Final,R,823913
2026-08-14,KC,LAA,7,6,Final,R,823993
2026-08-14,SEA,HOU,7,10,Final,R,824159
2026-08-14,CWS,DET,9,5,Final,R,824237
2026-08-14,SD,CLE,7,5,Final,R,824399
2026-08-14,MIA,CIN,0,1,Final,R,824479
2026-08-14,STL,CHC,0,3,Final,R,824643
2026-08-14,AZ,ATL,2,0,Final,R,824882
2026-08-14,TEX,ATH,3,8,Final,R,824968
2026-08-15,NYY,TOR,1,4,Final,R,822775
2026-08-15,BAL,TB,4,3,Final,R,822941
2026-08-15,COL,SF,1,7,Final,R,823184
2026-08-15,BOS,PIT,4,0,Final,R,823347
2026-08-15,WSH,NYM,4,5,Final,R,823588
2026-08-15,PHI,MIN,9,1,Final,R,823671
2026-08-15,MIL,LAD,4,1,Final,R,823914
2026-08-15,KC,LAA,0,1,Final,R,823990
2026-08-15,SEA,HOU,10,5,Final,R,824157
2026-08-15,CWS,DET,4,3,Final,R,824239
2026-08-15,SD,CLE,1,6,Final,R,824400
2026-08-15,MIA,CIN,8,4,Final,R,824480
2026-08-15,STL,CHC,8,4,Final,R,824644
2026-08-15,AZ,ATL,10,3,Final,R,824884
2026-08-15,TEX,ATH,5,3,Final,R,824966
2026-08-16,NYY,TOR,4,3,Final,R,822774
2026-08-16,BAL,TB,10,2,Final,R,822940
2026-08-16,COL,SF,13,7,Final,R,823182
2026-08-16,BOS,PIT,3,8,Final,R,823344
2026-08-16,WSH,NYM,3,4,Final,R,823590
2026-08-16,PHI,MIN,7,5,Final,R,823670
2026-08-16,MIL,LAD,6,2,Final,R,823912
2026-08-16,KC,LAA,3,0,Final,R,823991
2026-08-16,SEA,HOU,3,2,Final,R,824156
2026-08-16,CWS,DET,7,5,Final,R,824236
2026-08-16,SD,CLE,5,0,Final,R,824397
2026-08-16,MIA,CIN,7,1,Final,R,824477
2026-08-16,STL,CHC,11,4,Final,R,824642
2026-08-16,AZ,ATL,3,5,Final,R,824880
2026-08-16,TEX,ATH,2,5,Final,R,824965
2026-08-17,BAL,TB,6,7,Final,R,822939
2026-08-17,DET,PIT,8,5,Final,R,823343
2026-08-17,MIA,PHI,5,6,Final,R,823427
2026-08-17,SD,NYM,1,2,Final,R,823589
2026-08-17,ATL,MIN,2,4,Final,R,823668
2026-08-17,ATH,KC,5,9,Final,R,824077
2026-08-17,LAD,COL,11,5,Final,R,824320
2026-08-17,STL,CIN,5,6,Final,R,824478
2026-08-17,STL,CIN,2,1,Final,R,824514
2026-08-17,CWS,CHC,5,7,Final,R,824641
2026-08-17,AZ,BOS,1,11,Final,R,824725
2026-08-18,WSH,TEX,0,5,Final,R,822859
2026-08-18,TOR,TB,10,5,Final,R,822938
2026-08-18,DET,PIT,1,4,Final,R,823341
2026-08-18,MIA,PHI,4,6,Final,R,823423
2026-08-18,SD,NYM,5,2,Final,R,823586
2026-08-18,ATL,MIN,1,4,Final,R,823667
2026-08-18,SEA,MIL,0,22,Final,R,823749
2026-08-18,ATH,KC,3,4,Final,R,824075
2026-08-18,LAA,HOU,3,1,Final,R,824154
2026-08-18,LAD,COL,7,6,Final,R,824319
2026-08-18,SF,CLE,1,8,Final,R,824398
2026-08-18,STL,CIN,3,0,Final,R,824475
2026-08-18,CWS,CHC,3,4,Final,R,824639
2026-08-18,AZ,BOS,4,9,Final,R,824723
2026-08-18,NYY,BAL,3,1,Final,R,824803
2026-08-19,WSH,TEX,6,0,Final,R,822860
2026-08-19,TOR,TB,6,7,Final,R,822937
2026-08-19,DET,PIT,3,4,Final,R,823342
2026-08-19,MIA,PHI,1,4,Final,R,823424
2026-08-19,SD,NYM,2,4,Final,R,823587
2026-08-19,ATL,MIN,4,6,Final,R,823664
2026-08-19,SEA,MIL,7,5,Final,R,823748
2026-08-19,ATH,KC,7,9,Final,R,824076
2026-08-19,LAA,HOU,2,3,Final,R,824155
2026-08-19,LAD,COL,6,4,Final,R,824318
2026-08-19,SF,CLE,1,0,Final,R,824394
2026-08-19,STL,CIN,4,5,Final,R,824476
2026-08-19,CWS,CHC,3,0,Final,R,824640
2026-08-19,AZ,BOS,7,6,Final,R,824722
2026-08-19,NYY,BAL,5,3,Final,R,824801
2026-08-20,WSH,TEX,0,2,Final,R,822861
2026-08-20,TOR,TB,5,1,Final,R,822934
2026-08-20,SEA,MIL,4,7,Final,R,823747
2026-08-20,ATH,KC,2,6,Final,R,824074
2026-08-20,LAA,HOU,18,3,Final,R,824153
2026-08-20,SF,CLE,2,5,Final,R,824395
2026-08-20,STL,CIN,10,9,Final,R,824474
2026-08-20,ATL,CWS,2,0,Final,R,824589
2026-08-20,NYY,BAL,6,1,Final,R,824802
2026-08-21,LAA,TEX,1,2,Final,R,822857
2026-08-21,CHC,SEA,5,6,Final,R,823101
2026-08-21,MIN,SD,2,6,Final,R,823262
2026-08-21,STL,PHI,6,7,Final,R,823420
2026-08-21,TOR,NYY,1,3,Final,R,823510
2026-08-21,ATL,MIL,1,2,Final,R,823746
2026-08-21,WSH,MIA,2,3,Final,R,823830
2026-08-21,PIT,LAD,4,5,Final,R,823911
2026-08-21,DET,KC,2,5,Final,R,824072
2026-08-21,ATH,HOU,0,4,Final,R,824152
2026-08-21,CLE,COL,9,1,Final,R,824317
2026-08-21,NYM,CWS,4,6,Final,R,824559
2026-08-21,SF,BOS,4,6,Final,R,824721
2026-08-21,TB,BAL,3,5,Final,R,824800
2026-08-21,CIN,AZ,0,9,Final,R,825045
2026-08-22,LAA,TEX,3,0,Final,R,822858
2026-08-22,CHC,SEA,4,5,Final,R,823100
2026-08-22,MIN,SD,5,7,Final,R,823261
2026-08-22,STL,PHI,3,12,Final,R,823422
2026-08-22,TOR,NYY,4,3,Final,R,823509
2026-08-22,ATL,MIL,1,4,Final,R,823743
2026-08-22,WSH,MIA,2,4,Final,R,823831
2026-08-22,PIT,LAD,3,4,Final,R,823910
2026-08-22,DET,KC,1,3,Final,R,824073
2026-08-22,ATH,HOU,4,3,Final,R,824151
2026-08-22,CLE,COL,4,3,Final,R,824316
2026-08-22,NYM,CWS,10,5,Final,R,824560
2026-08-22,SF,BOS,2,3,Final,R,824718
2026-08-22,TB,BAL,2,3,Final,R,824798
2026-08-22,CIN,AZ,11,5,Final,R,825044
2026-08-23,LAA,TEX,3,5,Final,R,822856
2026-08-23,CHC,SEA,19,2,Final,R,823099
2026-08-23,MIN,SD,1,8,Final,R,823258
2026-08-23,STL,PHI,4,6,Final,R,823421
2026-08-23,TOR,NYY,3,8,Final,R,823507
2026-08-23,ATL,MIL,4,2,Final,R,823745
2026-08-23,WSH,MIA,2,6,Final,R,823827
2026-08-23,PIT,LAD,0,4,Final,R,823909
2026-08-23,DET,KC,7,11,Final,R,824071
2026-08-23,ATH,HOU,7,6,Final,R,824150
2026-08-23,CLE,COL,7,2,Final,R,824315
2026-08-23,NYM,CWS,1,2,Final,R,824558
2026-08-23,SF,BOS,4,5,Final,R,824720
2026-08-23,TB,BAL,3,1,Final,R,824799
2026-08-23,CIN,AZ,3,5,Final,R,825043
2026-08-24,COL,WSH,3,13,Final,R,822695
2026-08-24,PHI,SEA,2,9,Final,R,823097
2026-08-24,CIN,SF,0,5,Final,R,823183
2026-08-24,PIT,SD,3,2,Final,R,823260
2026-08-24,BOS,MIA,4,2,Final,R,823828
2026-08-24,CLE,LAA,4,2,Final,R,823992
2026-08-24,TB,DET,4,1,Final,R,824235
2026-08-24,TEX,CWS,11,2,Final,R,824557
2026-08-24,MIN,ATH,9,6,Final,R,824964
2026-08-24,CHC,AZ,7,0,Final,R,825041
2026-08-25,COL,WSH,3,1,Final,R,822693
2026-08-25,KC,TOR,5,3,Final,R,822773
2026-08-25,BAL,STL,13,1,Final,R,823016
2026-08-25,PHI,SEA,1,4,Final,R,823098
2026-08-25,CIN,SF,1,3,Final,R,823181
2026-08-25,PIT,SD,1,0,Final,R,823259
2026-08-25,HOU,NYY,9,7,Final,R,823505
2026-08-25,MIL,NYM,2,3,Final,R,823585
2026-08-25,BOS,MIA,7,3,Final,R,823826
2026-08-25,CLE,LAA,8,6,Final,R,823989
2026-08-25,TB,DET,1,4,Final,R,824233
2026-08-25,TEX,CWS,7,11,Final,R,824556
2026-08-25,LAD,ATL,3,4,Final,R,824881
2026-08-25,MIN,ATH,2,4,Final,R,824962
2026-08-25,CHC,AZ,4,5,Final,R,825042
2026-08-26,COL,WSH,13,1,Final,R,822692
2026-08-26,KC,TOR,0,3,Final,R,822772
2026-08-26,BAL,STL,8,7,Final,R,823015
2026-08-26,PHI,SEA,6,0,Final,R,823096
2026-08-26,CIN,SF,10,9,Final,R,823180
2026-08-26,PIT,SD,0,3,Final,R,823255
2026-08-26,HOU,NYY,3,9,Final,R,823506
2026-08-26,MIL,NYM,8,1,Final,R,823584
2026-08-26,BOS,MIA,0,4,Final,R,823825
2026-08-26,CLE,LAA,4,3,Final,R,823988
2026-08-26,TB,DET,3,0,Final,R,824234
2026-08-26,TEX,CWS,4,10,Final,R,824555
2026-08-26,LAD,ATL,5,6,Final,R,824878
2026-08-26,MIN,ATH,4,7,Final,R,824963
2026-08-26,CHC,AZ,0,2,Final,R,825039
2026-08-27,COL,WSH,1,7,Final,R,822694
2026-08-27,KC,TOR,13,2,Final,R,822771
2026-08-27,BAL,STL,5,7,Final,R,823014
2026-08-27,AZ,SF,1,6,Final,R,823179
2026-08-27,HOU,NYY,5,1,Final,R,823503
2026-08-27,MIL,NYM,8,2,Final,R,823581
2026-08-27,LAD,ATL,0,1,Final,R,824879
2026-08-28,MIA,WSH,2,9,Final,R,822691
2026-08-28,SEA,TOR,1,8,Final,R,822769
2026-08-28,SD,TB,4,9,Final,R,822935
2026-08-28,PIT,STL,1,4,Final,R,823013
2026-08-28,AZ,SF,10,6,Final,R,823178
2026-08-28,BOS,NYY,0,1,Final,R,823504
2026-08-28,HOU,NYM,3,1,Final,R,823583
2026-08-28,CWS,MIN,7,4,Final,R,823666
2026-08-28,TEX,MIL,1,6,Final,R,823744
2026-08-28,PHI,LAA,5,3,Final,R,823985
2026-08-28,LAD,DET,2,1,Final,R,824231
2026-08-28,KC,CLE,3,0,Final,R,824396
2026-08-28,CIN,CHC,10,8,Final,R,824638
2026-08-28,COL,ATL,4,6,Final,R,824877
2026-08-28,BAL,ATH,4,3,Final,R,824960
2026-08-29,MIA,WSH,4,5,Final,R,822690
2026-08-29,SEA,TOR,3,4,Final,R,822770
2026-08-29,SD,TB,6,7,Final,R,822936
2026-08-29,PIT,STL,6,2,Final,R,823011
2026-08-29,AZ,SF,2,7,Final,R,823176
2026-08-29,AZ,SF,7,1,Final,R,823177
2026-08-29,BOS,NYY,2,9,Final,R,823501
2026-08-29,BOS,NYY,6,0,Final,R,823539
2026-08-29,HOU,NYM,2,6,Final,R,823582
2026-08-29,CWS,MIN,3,2,Final,R,823665
2026-08-29,TEX,MIL,3,5,Final,R,823741
2026-08-29,PHI,LAA,4,2,Final,R,823986
2026-08-29,LAD,DET,1,2,Final,R,824230
2026-08-29,KC,CLE,8,3,Final,R,824392
2026-08-29,CIN,CHC,5,17,Final,R,824637
2026-08-29,COL,ATL,1,2,Final,R,824874
2026-08-29,BAL,ATH,5,3,Final,R,824961
2026-08-30,MIA,WSH,6,2,Final,R,822688
2026-08-30,SEA,TOR,0,7,Final,R,822766
2026-08-30,SD,TB,4,5,Final,R,822933
2026-08-30,PIT,STL,5,4,Final,R,823010
2026-08-30,BOS,NYY,1,16,Final,R,823502
2026-08-30,HOU,NYM,6,3,Final,R,823580
2026-08-30,CWS,MIN,1,5,Final,R,823662
2026-08-30,TEX,MIL,7,4,Final,R,823740
2026-08-30,PHI,LAA,5,2,Final,R,823987
2026-08-30,LAD,DET,6,1,Final,R,824232
2026-08-30,KC,CLE,1,11,Final,R,824393
2026-08-30,CIN,CHC,7,5,Final,R,824636
2026-08-30,COL,ATL,2,3,Final,R,824876
2026-08-30,BAL,ATH,8,5,Final,R,824959
2026-08-31,MIA,WSH,3,6,Final,R,822689
2026-08-31,ATH,TEX,1,8,Final,R,822855
2026-08-31,NYM,TB,3,2,Final,R,822932
2026-08-31,DET,MIN,1,11,Final,R,823663
2026-08-31,NYY,LAA,1,10,Final,R,823982
2026-08-31,CWS,HOU,3,6,Final,R,824149
2026-08-31,BAL,COL,2,1,Final,R,824314
2026-08-31,SD,CIN,5,0,Final,R,824473
2026-08-31,MIL,CHC,3,17,Final,R,824635
2026-08-31,SEA,BOS,8,9,Final,R,824719
2026-08-31,SF,ATL,7,3,Final,R,824911
2026-08-31,PHI,AZ,2,1,Final,R,825040
2026-09-01,ATL,WSH,5,9,Final,R,822687
2026-09-01,ATH,TEX,5,8,Final,R,822854
2026-09-01,NYM,TB,2,6,Final,R,822929
2026-09-01,SF,PIT,12,13,Final,R,823340
2026-09-01,DET,MIN,2,15,Final,R,823661
2026-09-01,STL,LAD,13,8,Final,R,823908
2026-09-01,NYY,LAA,7,3,Final,R,823984
2026-09-01,MIA,KC,6,3,Final,R,824070
2026-09-01,CWS,HOU,5,1,Final,R,824148
2026-09-01,BAL,COL,2,4,Final,R,824313
2026-09-01,TOR,CLE,1,6,Final,R,824391
2026-09-01,SD,CIN,3,4,Final,R,824472
2026-09-01,MIL,CHC,9,4,Final,R,824633
2026-09-01,SEA,BOS,9,6,Final,R,824716
2026-09-01,PHI,AZ,7,1,Final,R,825038
2026-09-02,ATL,WSH,9,0,Final,R,822686
2026-09-02,ATH,TEX,9,2,Final,R,822851
2026-09-02,NYM,TB,10,4,Final,R,822931
2026-09-02,SF,PIT,5,4,Final,R,823339
2026-09-02,DET,MIN,11,6,Final,R,823660
2026-09-02,STL,LAD,8,6,Final,R,823906
2026-09-02,NYY,LAA,6,3,Final,R,823983
2026-09-02,MIA,KC,9,6,Final,R,824068
2026-09-02,CWS,HOU,0,2,Final,R,824147
2026-09-02,BAL,COL,5,6,Final,R,824312
2026-09-02,TOR,CLE,11,0,Final,R,824390
2026-09-02,SD,CIN,3,7,Final,R,824470
2026-09-02,MIL,CHC,9,5,Final,R,824634
2026-09-02,SEA,BOS,8,3,Final,R,824717
2026-09-02,PHI,AZ,0,1,Final,R,825037
2026-09-03,TB,TEX,0,6,Final,R,822853
2026-09-03,ATH,SEA,7,4,Final,R,823095
2026-09-03,SF,PIT,2,5,Final,R,823337
2026-09-03,STL,LAD,2,3,Final,R,823907
2026-09-03,MIA,KC,3,7,Final,R,824069
2026-09-03,CWS,HOU,2,6,Final,R,824144
2026-09-03,TOR,CLE,6,3,Final,R,824388
2026-09-03,MIL,CHC,1,2,Final,R,824632
2026-09-03,BOS,BAL,6,5,Final,R,824796
2026-09-04,TB,TEX,7,6,Final,R,822852
2026-09-04,ATH,SEA,7,6,Final,R,823093
2026-09-04,NYY,SD,2,3,Final,R,823256
2026-09-04,LAA,PIT,0,1,Final,R,823338
2026-09-04,ATL,PHI,5,2,Final,R,823418
2026-09-04,SF,NYM,6,10,Final,R,823579
2026-09-04,CHC,MIA,6,1,Final,R,823824
2026-09-04,WSH,LAD,3,5,Final,R,823905
2026-09-04,TOR,KC,9,2,Final,R,824067
2026-09-04,AZ,HOU,1,3,Final,R,824146
2026-09-04,STL,COL,7,6,Final,R,824311
2026-09-04,DET,CLE,3,4,Final,R,824387
2026-09-04,DET,CLE,6,7,Final,R,824424
2026-09-04,MIL,CIN,10,7,Final,R,824471
2026-09-04,MIN,CWS,1,4,Final,R,824554
2026-09-04,BOS,BAL,1,0,Final,R,824797
2026-09-05,TB,TEX,6,3,Final,R,822850
2026-09-05,ATH,SEA,6,2,Final,R,823094
2026-09-05,NYY,SD,5,1,Final,R,823257
2026-09-05,LAA,PIT,6,1,Final,R,823335
2026-09-05,ATL,PHI,2,4,Final,R,823419
2026-09-05,SF,NYM,9,5,Final,R,823577
2026-09-05,CHC,MIA,6,5,Final,R,823823
2026-09-05,WSH,LAD,5,6,Final,R,823904
2026-09-05,TOR,KC,4,3,Final,R,824066
2026-09-05,AZ,HOU,4,3,Final,R,824145
2026-09-05,STL,COL,7,10,Final,R,824310
2026-09-05,DET,CLE,6,0,Final,R,824389
2026-09-05,MIL,CIN,3,5,Final,R,824468
2026-09-05,MIN,CWS,6,4,Final,R,824553
2026-09-05,BOS,BAL,5,0,Final,R,824795
2026-09-06,TB,TEX,6,8,Final,R,822848
2026-09-06,ATH,SEA,0,2,Final,R,823091
2026-09-06,NYY,SD,3,4,Final,R,823253
2026-09-06,LAA,PIT,0,1,Final,R,823336
2026-09-06,ATL,PHI,5,4,Final,R,823417
2026-09-06,SF,NYM,2,4,Final,R,823578
2026-09-06,CHC,MIA,3,10,Final,R,823822
2026-09-06,WSH,LAD,5,7,Final,R,823903
2026-09-06,TOR,KC,1,6,Final,R,824065
2026-09-06,AZ,HOU,3,2,Final,R,824142
2026-09-06,STL,COL,10,8,Final,R,824309
2026-09-06,DET,CLE,2,3,Final,R,824385
2026-09-06,MIL,CIN,8,12,Final,R,824469
2026-09-06,MIN,CWS,1,10,Final,R,824552
2026-09-06,BOS,BAL,3,1,Final,R,824794
2026-09-07,STL,SF,4,5,Final,R,823175
2026-09-07,WSH,SD,2,3,Final,R,823254
2026-09-07,ATL,PHI,0,1,Final,R,823415
2026-09-07,CHC,MIL,3,4,Final,R,823742
2026-09-07,NYM,MIA,9,4,Final,R,823820
2026-09-07,CIN,LAD,3,6,Final,R,823902
2026-09-07,AZ,KC,5,4,Final,R,824062
2026-09-07,MIN,DET,4,5,Final,R,824229
2026-09-07,LAA,BOS,2,5,Final,R,824715
2026-09-07,CLE,BAL,4,6,Final,R,824793
2026-09-07,TOR,ATH,5,6,Final,R,824958
2026-09-08,TEX,SEA,10,5,Final,R,823092
2026-09-08,STL,SF,1,2,Final,R,823174
2026-09-08,WSH,SD,4,5,Final,R,823250
2026-09-08,HOU,PHI,6,5,Final,R,823414
2026-09-08,COL,NYY,3,5,Final,R,823500
2026-09-08,CHC,MIL,3,4,Final,R,823738
2026-09-08,NYM,MIA,7,5,Final,R,823821
2026-09-08,CIN,LAD,2,3,Final,R,823901
2026-09-08,AZ,KC,5,3,Final,R,824063
2026-09-08,MIN,DET,3,2,Final,R,824228
2026-09-08,PIT,CWS,9,3,Final,R,824551
2026-09-08,LAA,BOS,6,1,Final,R,824714
2026-09-08,CLE,BAL,9,5,Final,R,824792
2026-09-08,TB,ATL,7,1,Final,R,824875
2026-09-08,TOR,ATH,4,2,Final,R,824957
2026-09-09,TEX,SEA,2,3,Final,R,823090
2026-09-09,STL,SF,6,7,Final,R,823172
2026-09-09,WSH,SD,2,9,Final,R,823251
2026-09-09,HOU,PHI,7,11,Final,R,823416
2026-09-09,COL,NYY,1,6,Final,R,823497
2026-09-09,CHC,MIL,6,8,Final,R,823739
2026-09-09,NYM,MIA,15,14,Final,R,823818
2026-09-09,CIN,LAD,1,14,Final,R,823900
2026-09-09,AZ,KC,2,5,Final,R,824064
2026-09-09,MIN,DET,2,7,Final,R,824226
2026-09-09,PIT,CWS,4,2,Final,R,824549
2026-09-09,LAA,BOS,6,4,Final,R,824713
2026-09-09,CLE,BAL,5,9,Final,R,824791
2026-09-09,TB,ATL,7,2,Final,R,824871
2026-09-09,TOR,ATH,0,2,Final,R,824956
2026-09-10,TEX,SEA,3,4,Final,R,823088
2026-09-10,HOU,PHI,2,1,Final,R,823413
2026-09-10,COL,NYY,3,10,Final,R,823499
2026-09-10,PIT,CWS,2,0,Final,R,824550
2026-09-10,TB,ATL,1,3,Final,R,824872
2026-09-11,LAA,WSH,3,4,Final,R,822684
2026-09-11,BAL,TOR,7,4,Final,R,822767
2026-09-11,HOU,TB,1,3,Final,R,822930
2026-09-11,CWS,STL,3,7,Final,R,823012
2026-09-11,SD,SF,7,5,Final,R,823173
2026-09-11,NYM,NYY,4,6,Final,R,823498
2026-09-11,CLE,MIN,5,2,Final,R,823659
2026-09-11,CIN,MIL,0,20,Final,R,823736
2026-09-11,LAD,MIA,6,2,Final,R,823817
2026-09-11,COL,DET,2,6,Final,R,824227
2026-09-11,PIT,CHC,2,12,Final,R,824631
2026-09-11,KC,BOS,3,2,Final,R,824711
2026-09-11,PHI,ATL,5,6,Final,R,824873
2026-09-11,SEA,ATH,5,6,Final,R,824954
2026-09-11,TEX,AZ,1,9,Final,R,825036
2026-09-12,LAA,WSH,5,6,Final,R,822685
2026-09-12,BAL,TOR,3,7,Final,R,822768
2026-09-12,HOU,TB,2,3,Final,R,822927
2026-09-12,CWS,STL,6,5,Final,R,823009
2026-09-12,SD,SF,7,6,Final,R,823170
2026-09-12,NYM,NYY,12,2,Final,R,823496
2026-09-12,CLE,MIN,3,4,Final,R,823657
2026-09-12,CIN,MIL,9,13,Final,R,823737
2026-09-12,LAD,MIA,3,4,Final,R,823819
2026-09-12,COL,DET,7,11,Final,R,824224
2026-09-12,PIT,CHC,3,4,Final,R,824630
2026-09-12,KC,BOS,1,5,Final,R,824712
2026-09-12,PHI,ATL,2,12,Final,R,824870
2026-09-12,SEA,ATH,19,1,Final,R,824955
2026-09-12,TEX,AZ,6,2,Final,R,825035
2026-09-13,LAA,WSH,5,6,Final,R,822682
2026-09-13,BAL,TOR,1,8,Final,R,822764
2026-09-13,HOU,TB,4,14,Final,R,822928
2026-09-13,CWS,STL,1,3,Final,R,823008
2026-09-13,SD,SF,6,4,Final,R,823171
2026-09-13,NYM,NYY,0,2,Final,R,823495
2026-09-13,CLE,MIN,9,2,Final,R,823658
2026-09-13,CIN,MIL,4,3,Final,R,823734
2026-09-13,LAD,MIA,4,6,Final,R,823815
2026-09-13,COL,DET,1,8,Final,R,824225
2026-09-13,PIT,CHC,4,3,Final,R,824628
2026-09-13,KC,BOS,1,4,Final,R,824708
2026-09-13,PHI,ATL,9,4,Final,R,824869
2026-09-13,SEA,ATH,7,8,Final,R,824952
2026-09-13,TEX,AZ,7,6,Final,R,825033
2026-09-14,DET,TOR,6,5,Final,R,822765
2026-09-14,SF,STL,1,2,Final,R,823006
2026-09-14,BAL,NYM,2,1,Final,R,823575
2026-09-14,NYY,MIN,8,3,Final,R,823656
2026-09-14,SEA,LAA,4,6,Final,R,823981
2026-09-14,SD,COL,8,7,Final,R,824308
2026-09-14,CWS,CLE,7,3,Final,R,824386
2026-09-14,LAD,CIN,4,1,Final,R,824465
2026-09-14,ATL,CHC,3,7,Final,R,824629
2026-09-14,MIA,AZ,7,8,Final,R,825034
2026-09-15,PHI,WSH,3,6,Final,R,822683
2026-09-15,DET,TOR,10,1,Final,R,822762
2026-09-15,BOS,TEX,2,4,Final,R,822849
2026-09-15,ATH,TB,1,2,Final,R,822925
2026-09-15,SF,STL,10,3,Final,R,823007
2026-09-15,MIL,PIT,5,1,Final,R,823333
2026-09-15,BAL,NYM,7,5,Final,R,823574
2026-09-15,NYY,MIN,8,1,Final,R,823654
2026-09-15,SEA,LAA,1,2,Final,R,823980
2026-09-15,KC,HOU,2,4,Final,R,824143
2026-09-15,SD,COL,3,9,Final,R,824307
2026-09-15,CWS,CLE,6,7,Final,R,824384
2026-09-15,LAD,CIN,4,0,Final,R,824466
2026-09-15,ATL,CHC,6,3,Final,R,824627
2026-09-15,MIA,AZ,4,2,Final,R,825030
2026-09-16,PHI,WSH,3,0,Final,R,822680
2026-09-16,DET,TOR,1,5,Final,R,822763
2026-09-16,BOS,TEX,3,7,Final,R,822846
2026-09-16,ATH,TB,3,4,Final,R,822926
2026-09-16,SF,STL,6,5,Final,R,823004
2026-09-16,MIL,PIT,5,4,Final,R,823332
2026-09-16,BAL,NYM,7,1,Final,R,823576
2026-09-16,NYY,MIN,4,5,Final,R,823655
2026-09-16,SEA,LAA,7,2,Final,R,823979
2026-09-16,KC,HOU,5,2,Final,R,824140
2026-09-16,SD,COL,9,3,Final,R,824306
2026-09-16,CWS,CLE,3,6,Final,R,824382
2026-09-16,LAD,CIN,2,6,Final,R,824467
2026-09-16,ATL,CHC,4,8,Final,R,824626
2026-09-16,MIA,AZ,4,3,Final,R,825031
2026-09-17,BOS,TEX,4,3,Final,R,822845
2026-09-17,ATH,TB,1,10,Final,R,822924
2026-09-17,MIL,PIT,4,7,Final,R,823334
2026-09-17,PHI,NYM,3,0,Final,R,823573
2026-09-17,MIN,LAA,4,5,Final,R,823978
2026-09-17,KC,HOU,2,6,Final,R,824141
2026-09-17,SD,COL,9,2,Final,R,824305
2026-09-17,LAD,CIN,8,2,Final,R,824464
2026-09-17,DET,CWS,1,3,Final,R,824548
2026-09-18,TOR,TEX,1,7,Final,R,822847
2026-09-18,BOS,TB,4,2,Final,R,822923
2026-09-18,WSH,STL,9,1,Final,R,823005
2026-09-18,MIA,SD,2,8,Final,R,823252
2026-09-18,KC,PIT,5,8,Final,R,823331
2026-09-18,PHI,NYM,3,6,Final,R,823572
2026-09-18,SF,LAD,2,8,Final,R,823898
2026-09-18,MIN,LAA,3,0,Final,R,823977
2026-09-18,ATL,HOU,6,2,Final,R,824138
2026-09-18,SEA,COL,5,4,Final,R,824303
2026-09-18,ATH,CLE,3,5,Final,R,824383
2026-09-18,CHC,CIN,4,6,Final,R,824463
2026-09-18,DET,CWS,11,8,Final,R,824547
2026-09-18,MIL,BAL,6,5,Final,R,824790
2026-09-18,NYY,AZ,9,2,Final,R,825032
2026-09-19,TOR,TEX,2,6,Final,R,822843
2026-09-19,BOS,TB,1,2,Final,R,822921
2026-09-19,WSH,STL,8,5,Final,R,823003
2026-09-19,MIA,SD,6,7,Final,R,823249
2026-09-19,KC,PIT,5,6,Final,R,823330
2026-09-19,PHI,NYM,3,10,Final,R,823571
2026-09-19,SF,LAD,4,10,Final,R,823899
2026-09-19,MIN,LAA,5,6,Final,R,823976
2026-09-19,ATL,HOU,6,3,Final,R,824137
2026-09-19,SEA,COL,3,5,Final,R,824304
2026-09-19,ATH,CLE,6,12,Final,R,824380
2026-09-19,CHC,CIN,5,2,Final,R,824461
2026-09-19,DET,CWS,1,3,Final,R,824545
2026-09-19,MIL,BAL,1,0,Final,R,824788
2026-09-19,NYY,AZ,3,5,Final,R,825029
2026-09-20,TOR,TEX,7,2,Final,R,822844
2026-09-20,BOS,TB,1,5,Final,R,822922
2026-09-20,WSH,STL,3,5,Final,R,823001
2026-09-20,MIA,SD,3,7,Final,R,823247
2026-09-20,KC,PIT,3,4,Final,R,823329
2026-09-20,PHI,NYM,7,2,Final,R,823570
2026-09-20,SF,LAD,1,3,Final,R,823896
2026-09-20,MIN,LAA,8,0,Final,R,823975
2026-09-20,ATL,HOU,4,2,Final,R,824139
2026-09-20,SEA,COL,2,1,Final,R,824300
2026-09-20,ATH,CLE,0,1,Final,R,824381
2026-09-20,CHC,CIN,9,1,Final,R,824462
2026-09-20,DET,CWS,1,8,Final,R,824546
2026-09-20,MIL,BAL,3,0,Final,R,824789
2026-09-20,NYY,AZ,4,8,Final,R,825028
2026-09-21,MIN,SF,2,5,Final,R,823169
2026-09-21,WSH,DET,2,9,Final,R,824221
2026-09-21,TOR,BAL,3,4,Final,R,824787
2026-09-22,NYM,TEX,6,3,Final,R,822840
2026-09-22,HOU,SEA,7,0,Final,R,823089
2026-09-22,MIN,SF,3,2,Final,R,823166
2026-09-22,STL,PIT,0,2,Final,R,823328
2026-09-22,MIL,PHI,4,6,Final,R,823412
2026-09-22,TB,NYY,6,1,Final,R,823494
2026-09-22,TB,NYY,0,2,Final,R,823543
2026-09-22,SD,LAD,0,7,Final,R,823897
2026-09-22,CWS,KC,14,11,Final,R,824061
2026-09-22,WSH,DET,3,1,Final,R,824222
2026-09-22,AZ,COL,7,2,Final,R,824302
2026-09-22,MIA,CHC,8,2,Final,R,824624
2026-09-22,CLE,BOS,3,2,Final,R,824709
2026-09-22,CIN,ATL,4,0,Final,R,824867
2026-09-22,LAA,ATH,7,9,Final,R,824953
2026-09-23,NYM,TEX,7,2,Final,R,822841
2026-09-23,HOU,SEA,5,6,Final,R,823086
2026-09-23,MIN,SF,4,2,Final,R,823168
2026-09-23,STL,PIT,5,1,Final,R,823327
2026-09-23,MIL,PHI,4,1,Final,R,823410
2026-09-23,TB,NYY,2,9,Final,R,823492
2026-09-23,SD,LAD,5,1,Final,R,823894
2026-09-23,CWS,KC,4,5,Final,R,824060
2026-09-23,WSH,DET,4,2,Final,R,824223
2026-09-23,AZ,COL,5,3,Final,R,824301
2026-09-23,MIA,CHC,3,2,Final,R,824625
2026-09-23,CLE,BOS,0,1,Final,R,824710
2026-09-23,TOR,BAL,2,4,Final,R,824784
2026-09-23,TOR,BAL,2,4,Final,R,824785
2026-09-23,CIN,ATL,2,3,Final,R,824868
2026-09-23,LAA,ATH,3,7,Final,R,824951
2026-09-24,NYM,TEX,1,3,Final,R,822842
2026-09-24,LAA,SEA,6,4,Final,R,823087
2026-09-24,STL,PIT,1,2,Final,R,823326
2026-09-24,MIL,PHI,5,1,Final,R,823411
2026-09-24,TB,NYY,4,6,Final,R,823493
2026-09-24,SD,LAD,4,2,Final,R,823895
2026-09-24,CWS,KC,9,1,Final,R,824059
2026-09-24,AZ,COL,12,8,Final,R,824298
2026-09-24,MIA,CHC,1,2,Final,R,824623
2026-09-24,CLE,BOS,1,0,Final,R,824707
2026-09-24,CIN,ATL,7,6,Final,R,824866
2026-09-24,HOU,ATH,7,5,Final,R,824950
2026-09-25,NYM,WSH,6,7,Final,R,822681
2026-09-25,CIN,TOR,5,6,Final,R,822760
2026-09-25,LAA,SEA,7,5,Final,R,823085
2026-09-25,LAD,SF,2,0,Final,R,823167
2026-09-25,AZ,SD,11,4,Final,R,823248
2026-09-25,TB,PHI,2,0,Final,R,823409
2026-09-25,BAL,NYY,3,6,Final,R,823489
2026-09-25,BAL,NYY,10,2,Final,R,823491
2026-09-25,TEX,MIN,2,10,Final,R,823652
2026-09-25,STL,MIL,4,8,Final,R,823735
2026-09-25,ATL,MIA,0,3,Final,R,823816
2026-09-25,CLE,KC,12,9,Final,R,824058
2026-09-25,PIT,DET,7,8,Final,R,824220
2026-09-25,COL,CWS,1,6,Final,R,824544
2026-09-25,CHC,BOS,3,4,Final,R,824703
2026-09-25,CHC,BOS,0,2,Final,R,824706
2026-09-25,HOU,ATH,5,6,Final,R,824947
2026-09-26,NYM,WSH,7,1,Final,R,822678
2026-09-26,CIN,TOR,5,1,Final,R,822759
2026-09-26,LAA,SEA,4,8,Final,R,823083
2026-09-26,LAD,SF,4,3,Final,R,823165
2026-09-26,AZ,SD,7,10,Final,R,823245
2026-09-26,TB,PHI,12,1,Final,R,823407
2026-09-26,TEX,MIN,6,2,Final,R,823653
2026-09-26,STL,MIL,2,3,Final,R,823733
2026-09-26,ATL,MIA,8,3,Final,R,823813
2026-09-26,CLE,KC,11,5,Final,R,824057
2026-09-26,PIT,DET,3,4,Final,R,824219
2026-09-26,COL,CWS,9,6,Final,R,824543
2026-09-26,HOU,ATH,13,2,Final,R,824949
2026-09-27,NYM,WSH,4,6,Final,R,822679
2026-09-27,CIN,TOR,1,5,Final,R,822761
2026-09-27,LAA,SEA,3,7,Final,R,823084
2026-09-27,LAD,SF,5,1,Final,R,823164
2026-09-27,AZ,SD,4,9,Final,R,823246
2026-09-27,TB,PHI,3,7,Final,R,823408
2026-09-27,TEX,MIN,4,6,Final,R,823650
2026-09-27,STL,MIL,4,6,Final,R,823731
2026-09-27,ATL,MIA,3,5,Final,R,823814
2026-09-27,CLE,KC,2,3,Final,R,824055
2026-09-27,PIT,DET,4,2,Final,R,824217
2026-09-27,COL,CWS,2,4,Final,R,824542
2026-09-27,CHC,BOS,6,2,Final,R,824705
2026-09-27,HOU,ATH,9,0,Final,R,824948
2026-09-29,CHC,SD,0,8,Final,F,849843
2026-09-29,PHI,ATL,3,5,Final,F,849845
2026-09-29,CWS,HOU,6,3,Final,F,849849
2026-09-29,BOS,NYY,0,9,Final,F,849851
2026-09-30,PHI,ATL,4,3,Final,F,849841
2026-09-30,CWS,HOU,7,3,Final,F,849846
